"mode"	"variant"	"file"	"scope_kib"	"input_bytes"	"archive_bytes"	"ratio"	"bpb"	"encode_seconds"	"decode_seconds"	"peak_ram_mib"	"roundtrip"	"block_types"	"codec_sha256"	"package"
"auto"	"r2-auto"	"dickens"	"32"	"32768"	"10890"	"0.33233642578125"	"2.65869140625"	"84.8619192"	"0.0670968"	"130.125"	"PASS"	"cmix-word-zstd=1"	"DDD852EF0744740735E6D32EE0FFCB197C3C8349C0D695AD192C7CB96BF298BA"	"hybridzip-r2-auto-silesia-32k-20260821-d9"
"auto"	"r2-auto"	"mozilla"	"32"	"32768"	"8601"	"0.262481689453125"	"2.099853515625"	"89.3265559"	"0.0384841"	"130.2890625"	"PASS"	"lzma=1"	"DDD852EF0744740735E6D32EE0FFCB197C3C8349C0D695AD192C7CB96BF298BA"	"hybridzip-r2-auto-silesia-32k-20260821-d9"
"auto"	"r2-auto"	"mr"	"32"	"32768"	"6266"	"0.19122314453125"	"1.52978515625"	"50.9250936"	"11.6287734"	"130.3203125"	"PASS"	"lstm-compress=1"	"DDD852EF0744740735E6D32EE0FFCB197C3C8349C0D695AD192C7CB96BF298BA"	"hybridzip-r2-auto-silesia-32k-20260821-d9"
"auto"	"r2-auto"	"nci"	"32"	"32768"	"2366"	"0.07220458984375"	"0.57763671875"	"85.2044889"	"0.0380807"	"130.28125"	"PASS"	"brotli-text=1"	"DDD852EF0744740735E6D32EE0FFCB197C3C8349C0D695AD192C7CB96BF298BA"	"hybridzip-r2-auto-silesia-32k-20260821-d9"
"auto"	"r2-auto"	"ooffice"	"32"	"32768"	"11362"	"0.34674072265625"	"2.77392578125"	"38.2539498"	"0.0375446"	"130.21484375"	"PASS"	"x86-bcj-zstd=1"	"DDD852EF0744740735E6D32EE0FFCB197C3C8349C0D695AD192C7CB96BF298BA"	"hybridzip-r2-auto-silesia-32k-20260821-d9"
"auto"	"r2-auto"	"osdb"	"32"	"32768"	"13929"	"0.425079345703125"	"3.400634765625"	"88.4035241"	"18.9403014"	"130.24609375"	"PASS"	"predictive=1"	"DDD852EF0744740735E6D32EE0FFCB197C3C8349C0D695AD192C7CB96BF298BA"	"hybridzip-r2-auto-silesia-32k-20260821-d9"
"auto"	"r2-auto"	"reymont"	"32"	"32768"	"7263"	"0.221649169921875"	"1.773193359375"	"83.8635985"	"18.1611652"	"130.0859375"	"PASS"	"predictive=1"	"DDD852EF0744740735E6D32EE0FFCB197C3C8349C0D695AD192C7CB96BF298BA"	"hybridzip-r2-auto-silesia-32k-20260821-d9"
"auto"	"r2-auto"	"samba"	"32"	"32768"	"9020"	"0.2752685546875"	"2.2021484375"	"84.49955"	"0.0512235"	"130.17578125"	"PASS"	"cmix-word-zstd=1"	"DDD852EF0744740735E6D32EE0FFCB197C3C8349C0D695AD192C7CB96BF298BA"	"hybridzip-r2-auto-silesia-32k-20260821-d9"
"auto"	"r2-auto"	"sao"	"32"	"32768"	"21710"	"0.66253662109375"	"5.30029296875"	"89.1998988"	"16.5812579"	"130.140625"	"PASS"	"lstm-compress=1"	"DDD852EF0744740735E6D32EE0FFCB197C3C8349C0D695AD192C7CB96BF298BA"	"hybridzip-r2-auto-silesia-32k-20260821-d9"
"auto"	"r2-auto"	"webster"	"32"	"32768"	"10867"	"0.331634521484375"	"2.653076171875"	"88.6021564"	"18.7464813"	"130.1328125"	"PASS"	"predictive=1"	"DDD852EF0744740735E6D32EE0FFCB197C3C8349C0D695AD192C7CB96BF298BA"	"hybridzip-r2-auto-silesia-32k-20260821-d9"
"auto"	"r2-auto"	"x-ray"	"32"	"32768"	"16668"	"0.5086669921875"	"4.0693359375"	"54.4574861"	"17.5641617"	"130.36328125"	"PASS"	"lstm-compress=1"	"DDD852EF0744740735E6D32EE0FFCB197C3C8349C0D695AD192C7CB96BF298BA"	"hybridzip-r2-auto-silesia-32k-20260821-d9"
"auto"	"r2-auto"	"xml"	"32"	"32768"	"2351"	"0.071746826171875"	"0.573974609375"	"90.4339264"	"19.2044853"	"130.30078125"	"PASS"	"predictive=1"	"DDD852EF0744740735E6D32EE0FFCB197C3C8349C0D695AD192C7CB96BF298BA"	"hybridzip-r2-auto-silesia-32k-20260821-d9"
"predictive"	"r2-predictive"	"dickens"	"32"	"32768"	"11052"	"0.3372802734375"	"2.6982421875"	"18.0997395"	"17.975588"	"129.76171875"	"PASS"	"predictive=1"	"DDD852EF0744740735E6D32EE0FFCB197C3C8349C0D695AD192C7CB96BF298BA"	"hybridzip-r2-predictive-silesia-32k-20260821-d11"
"predictive"	"r2-predictive"	"mozilla"	"32"	"32768"	"9487"	"0.289520263671875"	"2.316162109375"	"18.4586812"	"18.6196417"	"129.51171875"	"PASS"	"predictive=1"	"DDD852EF0744740735E6D32EE0FFCB197C3C8349C0D695AD192C7CB96BF298BA"	"hybridzip-r2-predictive-silesia-32k-20260821-d11"
"predictive"	"r2-predictive"	"mr"	"32"	"32768"	"6507"	"0.198577880859375"	"1.588623046875"	"18.1447382"	"18.2316136"	"129.51171875"	"PASS"	"predictive=1"	"DDD852EF0744740735E6D32EE0FFCB197C3C8349C0D695AD192C7CB96BF298BA"	"hybridzip-r2-predictive-silesia-32k-20260821-d11"
"predictive"	"r2-predictive"	"nci"	"32"	"32768"	"2519"	"0.076873779296875"	"0.614990234375"	"18.4885851"	"18.7238663"	"129.5"	"PASS"	"predictive=1"	"DDD852EF0744740735E6D32EE0FFCB197C3C8349C0D695AD192C7CB96BF298BA"	"hybridzip-r2-predictive-silesia-32k-20260821-d11"
"predictive"	"r2-predictive"	"ooffice"	"32"	"32768"	"12453"	"0.380035400390625"	"3.040283203125"	"19.2558599"	"19.42482"	"129.42578125"	"PASS"	"predictive=1"	"DDD852EF0744740735E6D32EE0FFCB197C3C8349C0D695AD192C7CB96BF298BA"	"hybridzip-r2-predictive-silesia-32k-20260821-d11"
"predictive"	"r2-predictive"	"osdb"	"32"	"32768"	"13929"	"0.425079345703125"	"3.400634765625"	"19.1265684"	"19.3546766"	"129.8828125"	"PASS"	"predictive=1"	"DDD852EF0744740735E6D32EE0FFCB197C3C8349C0D695AD192C7CB96BF298BA"	"hybridzip-r2-predictive-silesia-32k-20260821-d11"
"predictive"	"r2-predictive"	"reymont"	"32"	"32768"	"7263"	"0.221649169921875"	"1.773193359375"	"18.5838834"	"18.5839925"	"129.51953125"	"PASS"	"predictive=1"	"DDD852EF0744740735E6D32EE0FFCB197C3C8349C0D695AD192C7CB96BF298BA"	"hybridzip-r2-predictive-silesia-32k-20260821-d11"
"predictive"	"r2-predictive"	"samba"	"32"	"32768"	"9272"	"0.282958984375"	"2.263671875"	"18.6525793"	"18.6614785"	"129.88671875"	"PASS"	"predictive=1"	"DDD852EF0744740735E6D32EE0FFCB197C3C8349C0D695AD192C7CB96BF298BA"	"hybridzip-r2-predictive-silesia-32k-20260821-d11"
"predictive"	"r2-predictive"	"sao"	"32"	"32768"	"23038"	"0.70306396484375"	"5.62451171875"	"18.9605401"	"18.7915073"	"129.86328125"	"PASS"	"predictive=1"	"DDD852EF0744740735E6D32EE0FFCB197C3C8349C0D695AD192C7CB96BF298BA"	"hybridzip-r2-predictive-silesia-32k-20260821-d11"
"predictive"	"r2-predictive"	"webster"	"32"	"32768"	"10867"	"0.331634521484375"	"2.653076171875"	"18.7271187"	"18.8902959"	"129.51953125"	"PASS"	"predictive=1"	"DDD852EF0744740735E6D32EE0FFCB197C3C8349C0D695AD192C7CB96BF298BA"	"hybridzip-r2-predictive-silesia-32k-20260821-d11"
"predictive"	"r2-predictive"	"x-ray"	"32"	"32768"	"18618"	"0.56817626953125"	"4.54541015625"	"18.9272172"	"19.1532036"	"129.88671875"	"PASS"	"predictive=1"	"DDD852EF0744740735E6D32EE0FFCB197C3C8349C0D695AD192C7CB96BF298BA"	"hybridzip-r2-predictive-silesia-32k-20260821-d11"
"predictive"	"r2-predictive"	"xml"	"32"	"32768"	"2351"	"0.071746826171875"	"0.573974609375"	"18.8691694"	"18.6277064"	"129.49609375"	"PASS"	"predictive=1"	"DDD852EF0744740735E6D32EE0FFCB197C3C8349C0D695AD192C7CB96BF298BA"	"hybridzip-r2-predictive-silesia-32k-20260821-d11"
"lstm-compress"	"r2-lstm-compress"	"dickens"	"32"	"32768"	"13353"	"0.407501220703125"	"3.260009765625"	"12.1278358"	"12.1835989"	"23.41796875"	"PASS"	"lstm-compress=1"	"DDD852EF0744740735E6D32EE0FFCB197C3C8349C0D695AD192C7CB96BF298BA"	"hybridzip-r2-lstm-compress-silesia-32k-20260821-d10"
"lstm-compress"	"r2-lstm-compress"	"mozilla"	"32"	"32768"	"9701"	"0.296051025390625"	"2.368408203125"	"13.4018045"	"13.0762356"	"23.41015625"	"PASS"	"lstm-compress=1"	"DDD852EF0744740735E6D32EE0FFCB197C3C8349C0D695AD192C7CB96BF298BA"	"hybridzip-r2-lstm-compress-silesia-32k-20260821-d10"
"lstm-compress"	"r2-lstm-compress"	"mr"	"32"	"32768"	"6266"	"0.19122314453125"	"1.52978515625"	"12.1339589"	"12.6039292"	"23.30859375"	"PASS"	"lstm-compress=1"	"DDD852EF0744740735E6D32EE0FFCB197C3C8349C0D695AD192C7CB96BF298BA"	"hybridzip-r2-lstm-compress-silesia-32k-20260821-d10"
"lstm-compress"	"r2-lstm-compress"	"nci"	"32"	"32768"	"3743"	"0.114227294921875"	"0.913818359375"	"12.1430083"	"12.1126727"	"23"	"PASS"	"lstm-compress=1"	"DDD852EF0744740735E6D32EE0FFCB197C3C8349C0D695AD192C7CB96BF298BA"	"hybridzip-r2-lstm-compress-silesia-32k-20260821-d10"
"lstm-compress"	"r2-lstm-compress"	"ooffice"	"32"	"32768"	"12092"	"0.3690185546875"	"2.9521484375"	"13.7025138"	"13.7716338"	"23.4140625"	"PASS"	"lstm-compress=1"	"DDD852EF0744740735E6D32EE0FFCB197C3C8349C0D695AD192C7CB96BF298BA"	"hybridzip-r2-lstm-compress-silesia-32k-20260821-d10"
"lstm-compress"	"r2-lstm-compress"	"osdb"	"32"	"32768"	"20835"	"0.635833740234375"	"5.086669921875"	"13.8398724"	"13.7783943"	"23.4921875"	"PASS"	"lstm-compress=1"	"DDD852EF0744740735E6D32EE0FFCB197C3C8349C0D695AD192C7CB96BF298BA"	"hybridzip-r2-lstm-compress-silesia-32k-20260821-d10"
"lstm-compress"	"r2-lstm-compress"	"reymont"	"32"	"32768"	"8881"	"0.271026611328125"	"2.168212890625"	"11.9945083"	"12.1530524"	"23.40234375"	"PASS"	"lstm-compress=1"	"DDD852EF0744740735E6D32EE0FFCB197C3C8349C0D695AD192C7CB96BF298BA"	"hybridzip-r2-lstm-compress-silesia-32k-20260821-d10"
"lstm-compress"	"r2-lstm-compress"	"samba"	"32"	"32768"	"12334"	"0.37640380859375"	"3.01123046875"	"12.2249644"	"12.294417"	"23.453125"	"PASS"	"lstm-compress=1"	"DDD852EF0744740735E6D32EE0FFCB197C3C8349C0D695AD192C7CB96BF298BA"	"hybridzip-r2-lstm-compress-silesia-32k-20260821-d10"
"lstm-compress"	"r2-lstm-compress"	"sao"	"32"	"32768"	"21710"	"0.66253662109375"	"5.30029296875"	"17.1164574"	"17.1160182"	"23.0859375"	"PASS"	"lstm-compress=1"	"DDD852EF0744740735E6D32EE0FFCB197C3C8349C0D695AD192C7CB96BF298BA"	"hybridzip-r2-lstm-compress-silesia-32k-20260821-d10"
"lstm-compress"	"r2-lstm-compress"	"webster"	"32"	"32768"	"13379"	"0.408294677734375"	"3.266357421875"	"11.9383766"	"11.9839531"	"23.421875"	"PASS"	"lstm-compress=1"	"DDD852EF0744740735E6D32EE0FFCB197C3C8349C0D695AD192C7CB96BF298BA"	"hybridzip-r2-lstm-compress-silesia-32k-20260821-d10"
"lstm-compress"	"r2-lstm-compress"	"x-ray"	"32"	"32768"	"16668"	"0.5086669921875"	"4.0693359375"	"15.4405625"	"15.9943683"	"23.46875"	"PASS"	"lstm-compress=1"	"DDD852EF0744740735E6D32EE0FFCB197C3C8349C0D695AD192C7CB96BF298BA"	"hybridzip-r2-lstm-compress-silesia-32k-20260821-d10"
"lstm-compress"	"r2-lstm-compress"	"xml"	"32"	"32768"	"4841"	"0.147735595703125"	"1.181884765625"	"11.6387576"	"11.6688225"	"23.01171875"	"PASS"	"lstm-compress=1"	"DDD852EF0744740735E6D32EE0FFCB197C3C8349C0D695AD192C7CB96BF298BA"	"hybridzip-r2-lstm-compress-silesia-32k-20260821-d10"
"stored"	"r2-stored"	"dickens"	"32"	"32768"	"32828"	"1.0018310546875"	"8.0146484375"	"0.0503218"	"0.047799"	"2.35546875"	"PASS"	"stored=1"	"DDD852EF0744740735E6D32EE0FFCB197C3C8349C0D695AD192C7CB96BF298BA"	"hybridzip-r2-stored-silesia-32k-20260821-d13"
"stored"	"r2-stored"	"mozilla"	"32"	"32768"	"32828"	"1.0018310546875"	"8.0146484375"	"0.0476398"	"0.0368399"	"3.96875"	"PASS"	"stored=1"	"DDD852EF0744740735E6D32EE0FFCB197C3C8349C0D695AD192C7CB96BF298BA"	"hybridzip-r2-stored-silesia-32k-20260821-d13"
"stored"	"r2-stored"	"mr"	"32"	"32768"	"32828"	"1.0018310546875"	"8.0146484375"	"0.0444958"	"0.0383264"	"2.01171875"	"PASS"	"stored=1"	"DDD852EF0744740735E6D32EE0FFCB197C3C8349C0D695AD192C7CB96BF298BA"	"hybridzip-r2-stored-silesia-32k-20260821-d13"
"stored"	"r2-stored"	"nci"	"32"	"32768"	"32828"	"1.0018310546875"	"8.0146484375"	"0.0619589"	"0.0380969"	"3.53515625"	"PASS"	"stored=1"	"DDD852EF0744740735E6D32EE0FFCB197C3C8349C0D695AD192C7CB96BF298BA"	"hybridzip-r2-stored-silesia-32k-20260821-d13"
"stored"	"r2-stored"	"ooffice"	"32"	"32768"	"32828"	"1.0018310546875"	"8.0146484375"	"0.0515827"	"0.0383908"	"2.00390625"	"PASS"	"stored=1"	"DDD852EF0744740735E6D32EE0FFCB197C3C8349C0D695AD192C7CB96BF298BA"	"hybridzip-r2-stored-silesia-32k-20260821-d13"
"stored"	"r2-stored"	"osdb"	"32"	"32768"	"32828"	"1.0018310546875"	"8.0146484375"	"0.0445713"	"0.0373769"	"3.35546875"	"PASS"	"stored=1"	"DDD852EF0744740735E6D32EE0FFCB197C3C8349C0D695AD192C7CB96BF298BA"	"hybridzip-r2-stored-silesia-32k-20260821-d13"
"stored"	"r2-stored"	"reymont"	"32"	"32768"	"32828"	"1.0018310546875"	"8.0146484375"	"0.0449177"	"0.0382105"	"3.54296875"	"PASS"	"stored=1"	"DDD852EF0744740735E6D32EE0FFCB197C3C8349C0D695AD192C7CB96BF298BA"	"hybridzip-r2-stored-silesia-32k-20260821-d13"
"stored"	"r2-stored"	"samba"	"32"	"32768"	"32828"	"1.0018310546875"	"8.0146484375"	"0.0353567"	"0.0375568"	"2.00390625"	"PASS"	"stored=1"	"DDD852EF0744740735E6D32EE0FFCB197C3C8349C0D695AD192C7CB96BF298BA"	"hybridzip-r2-stored-silesia-32k-20260821-d13"
"stored"	"r2-stored"	"sao"	"32"	"32768"	"32828"	"1.0018310546875"	"8.0146484375"	"0.0496715"	"0.0380437"	"2.00390625"	"PASS"	"stored=1"	"DDD852EF0744740735E6D32EE0FFCB197C3C8349C0D695AD192C7CB96BF298BA"	"hybridzip-r2-stored-silesia-32k-20260821-d13"
"stored"	"r2-stored"	"webster"	"32"	"32768"	"32828"	"1.0018310546875"	"8.0146484375"	"0.0422244"	"0.0370118"	"2.00390625"	"PASS"	"stored=1"	"DDD852EF0744740735E6D32EE0FFCB197C3C8349C0D695AD192C7CB96BF298BA"	"hybridzip-r2-stored-silesia-32k-20260821-d13"
"stored"	"r2-stored"	"x-ray"	"32"	"32768"	"32828"	"1.0018310546875"	"8.0146484375"	"0.0484213"	"0.0379212"	"3.91796875"	"PASS"	"stored=1"	"DDD852EF0744740735E6D32EE0FFCB197C3C8349C0D695AD192C7CB96BF298BA"	"hybridzip-r2-stored-silesia-32k-20260821-d13"
"stored"	"r2-stored"	"xml"	"32"	"32768"	"32828"	"1.0018310546875"	"8.0146484375"	"0.0653998"	"0.0384635"	"3.953125"	"PASS"	"stored=1"	"DDD852EF0744740735E6D32EE0FFCB197C3C8349C0D695AD192C7CB96BF298BA"	"hybridzip-r2-stored-silesia-32k-20260821-d13"
"zstd"	"r2-zstd"	"dickens"	"32"	"32768"	"13216"	"0.4033203125"	"3.2265625"	"0.0596351"	"0.0485965"	"4.4921875"	"PASS"	"zstd=1"	"DDD852EF0744740735E6D32EE0FFCB197C3C8349C0D695AD192C7CB96BF298BA"	"hybridzip-r2-zstd-silesia-32k-20260821-d14"
"zstd"	"r2-zstd"	"mozilla"	"32"	"32768"	"9548"	"0.2913818359375"	"2.3310546875"	"0.0561472"	"0.0375896"	"2.00390625"	"PASS"	"zstd=1"	"DDD852EF0744740735E6D32EE0FFCB197C3C8349C0D695AD192C7CB96BF298BA"	"hybridzip-r2-zstd-silesia-32k-20260821-d14"
"zstd"	"r2-zstd"	"mr"	"32"	"32768"	"7957"	"0.242828369140625"	"1.942626953125"	"0.0489822"	"0.0499911"	"4.02734375"	"PASS"	"zstd=1"	"DDD852EF0744740735E6D32EE0FFCB197C3C8349C0D695AD192C7CB96BF298BA"	"hybridzip-r2-zstd-silesia-32k-20260821-d14"
"zstd"	"r2-zstd"	"nci"	"32"	"32768"	"2480"	"0.07568359375"	"0.60546875"	"0.0636406"	"0.0384602"	"4.5"	"PASS"	"zstd=1"	"DDD852EF0744740735E6D32EE0FFCB197C3C8349C0D695AD192C7CB96BF298BA"	"hybridzip-r2-zstd-silesia-32k-20260821-d14"
"zstd"	"r2-zstd"	"ooffice"	"32"	"32768"	"13019"	"0.397308349609375"	"3.178466796875"	"0.0495177"	"0.0373472"	"4.3984375"	"PASS"	"zstd=1"	"DDD852EF0744740735E6D32EE0FFCB197C3C8349C0D695AD192C7CB96BF298BA"	"hybridzip-r2-zstd-silesia-32k-20260821-d14"
"zstd"	"r2-zstd"	"osdb"	"32"	"32768"	"15144"	"0.462158203125"	"3.697265625"	"0.042501"	"0.0381541"	"2.00390625"	"PASS"	"zstd=1"	"DDD852EF0744740735E6D32EE0FFCB197C3C8349C0D695AD192C7CB96BF298BA"	"hybridzip-r2-zstd-silesia-32k-20260821-d14"
"zstd"	"r2-zstd"	"reymont"	"32"	"32768"	"9108"	"0.2779541015625"	"2.2236328125"	"0.0644457"	"0.0528024"	"4.39453125"	"PASS"	"zstd=1"	"DDD852EF0744740735E6D32EE0FFCB197C3C8349C0D695AD192C7CB96BF298BA"	"hybridzip-r2-zstd-silesia-32k-20260821-d14"
"zstd"	"r2-zstd"	"samba"	"32"	"32768"	"11027"	"0.336517333984375"	"2.692138671875"	"0.0523265"	"0.0353229"	"4.46875"	"PASS"	"zstd=1"	"DDD852EF0744740735E6D32EE0FFCB197C3C8349C0D695AD192C7CB96BF298BA"	"hybridzip-r2-zstd-silesia-32k-20260821-d14"
"zstd"	"r2-zstd"	"sao"	"32"	"32768"	"24423"	"0.745330810546875"	"5.962646484375"	"0.0481489"	"0.0382976"	"3.8984375"	"PASS"	"zstd=1"	"DDD852EF0744740735E6D32EE0FFCB197C3C8349C0D695AD192C7CB96BF298BA"	"hybridzip-r2-zstd-silesia-32k-20260821-d14"
"zstd"	"r2-zstd"	"webster"	"32"	"32768"	"12772"	"0.3897705078125"	"3.1181640625"	"0.0464343"	"0.0384846"	"4.25390625"	"PASS"	"zstd=1"	"DDD852EF0744740735E6D32EE0FFCB197C3C8349C0D695AD192C7CB96BF298BA"	"hybridzip-r2-zstd-silesia-32k-20260821-d14"
"zstd"	"r2-zstd"	"x-ray"	"32"	"32768"	"22464"	"0.685546875"	"5.484375"	"0.0492307"	"0.0375004"	"4.5078125"	"PASS"	"zstd=1"	"DDD852EF0744740735E6D32EE0FFCB197C3C8349C0D695AD192C7CB96BF298BA"	"hybridzip-r2-zstd-silesia-32k-20260821-d14"
"zstd"	"r2-zstd"	"xml"	"32"	"32768"	"2713"	"0.082794189453125"	"0.662353515625"	"0.0489016"	"0.0522667"	"4.37890625"	"PASS"	"zstd=1"	"DDD852EF0744740735E6D32EE0FFCB197C3C8349C0D695AD192C7CB96BF298BA"	"hybridzip-r2-zstd-silesia-32k-20260821-d14"
"lzma"	"r2-lzma"	"dickens"	"32"	"32768"	"13027"	"0.397552490234375"	"3.180419921875"	"0.052686"	"0.0452219"	"2.00390625"	"PASS"	"lzma=1"	"DDD852EF0744740735E6D32EE0FFCB197C3C8349C0D695AD192C7CB96BF298BA"	"hybridzip-r2-lzma-silesia-32k-20260821-d15"
"lzma"	"r2-lzma"	"mozilla"	"32"	"32768"	"8601"	"0.262481689453125"	"2.099853515625"	"0.0551149"	"0.0382998"	"4.54296875"	"PASS"	"lzma=1"	"DDD852EF0744740735E6D32EE0FFCB197C3C8349C0D695AD192C7CB96BF298BA"	"hybridzip-r2-lzma-silesia-32k-20260821-d15"
"lzma"	"r2-lzma"	"mr"	"32"	"32768"	"6731"	"0.205413818359375"	"1.643310546875"	"0.049605"	"0.0486689"	"3.58984375"	"PASS"	"lzma=1"	"DDD852EF0744740735E6D32EE0FFCB197C3C8349C0D695AD192C7CB96BF298BA"	"hybridzip-r2-lzma-silesia-32k-20260821-d15"
"lzma"	"r2-lzma"	"nci"	"32"	"32768"	"2495"	"0.076141357421875"	"0.609130859375"	"0.0485408"	"0.0374435"	"4.3515625"	"PASS"	"lzma=1"	"DDD852EF0744740735E6D32EE0FFCB197C3C8349C0D695AD192C7CB96BF298BA"	"hybridzip-r2-lzma-silesia-32k-20260821-d15"
"lzma"	"r2-lzma"	"ooffice"	"32"	"32768"	"12372"	"0.3775634765625"	"3.0205078125"	"0.0482856"	"0.0380349"	"4.42578125"	"PASS"	"lzma=1"	"DDD852EF0744740735E6D32EE0FFCB197C3C8349C0D695AD192C7CB96BF298BA"	"hybridzip-r2-lzma-silesia-32k-20260821-d15"
"lzma"	"r2-lzma"	"osdb"	"32"	"32768"	"14483"	"0.441986083984375"	"3.535888671875"	"0.0562652"	"0.0372872"	"4.546875"	"PASS"	"lzma=1"	"DDD852EF0744740735E6D32EE0FFCB197C3C8349C0D695AD192C7CB96BF298BA"	"hybridzip-r2-lzma-silesia-32k-20260821-d15"
"lzma"	"r2-lzma"	"reymont"	"32"	"32768"	"8810"	"0.26885986328125"	"2.15087890625"	"0.0501556"	"0.0532359"	"4.44921875"	"PASS"	"lzma=1"	"DDD852EF0744740735E6D32EE0FFCB197C3C8349C0D695AD192C7CB96BF298BA"	"hybridzip-r2-lzma-silesia-32k-20260821-d15"
"lzma"	"r2-lzma"	"samba"	"32"	"32768"	"10865"	"0.331573486328125"	"2.652587890625"	"0.0486694"	"0.0388345"	"4.44921875"	"PASS"	"lzma=1"	"DDD852EF0744740735E6D32EE0FFCB197C3C8349C0D695AD192C7CB96BF298BA"	"hybridzip-r2-lzma-silesia-32k-20260821-d15"
"lzma"	"r2-lzma"	"sao"	"32"	"32768"	"22279"	"0.679901123046875"	"5.439208984375"	"0.046998"	"0.0362652"	"4.359375"	"PASS"	"lzma=1"	"DDD852EF0744740735E6D32EE0FFCB197C3C8349C0D695AD192C7CB96BF298BA"	"hybridzip-r2-lzma-silesia-32k-20260821-d15"
"lzma"	"r2-lzma"	"webster"	"32"	"32768"	"12595"	"0.384368896484375"	"3.074951171875"	"0.0448215"	"0.0381711"	"2.00390625"	"PASS"	"lzma=1"	"DDD852EF0744740735E6D32EE0FFCB197C3C8349C0D695AD192C7CB96BF298BA"	"hybridzip-r2-lzma-silesia-32k-20260821-d15"
"lzma"	"r2-lzma"	"x-ray"	"32"	"32768"	"18233"	"0.556427001953125"	"4.451416015625"	"0.0513324"	"0.0383171"	"4.55078125"	"PASS"	"lzma=1"	"DDD852EF0744740735E6D32EE0FFCB197C3C8349C0D695AD192C7CB96BF298BA"	"hybridzip-r2-lzma-silesia-32k-20260821-d15"
"lzma"	"r2-lzma"	"xml"	"32"	"32768"	"2614"	"0.07977294921875"	"0.63818359375"	"0.0470067"	"0.0365239"	"2.48046875"	"PASS"	"lzma=1"	"DDD852EF0744740735E6D32EE0FFCB197C3C8349C0D695AD192C7CB96BF298BA"	"hybridzip-r2-lzma-silesia-32k-20260821-d15"
"fse"	"r2-fse"	"dickens"	"32"	"32768"	"19344"	"0.59033203125"	"4.72265625"	"0.0588471"	"0.0479884"	"4.00390625"	"PASS"	"fse=1"	"DDD852EF0744740735E6D32EE0FFCB197C3C8349C0D695AD192C7CB96BF298BA"	"hybridzip-r2-fse-silesia-32k-20260821-d17"
"fse"	"r2-fse"	"mozilla"	"32"	"32768"	"21274"	"0.64923095703125"	"5.19384765625"	"0.0373306"	"0.0376631"	"2.00390625"	"PASS"	"fse=1"	"DDD852EF0744740735E6D32EE0FFCB197C3C8349C0D695AD192C7CB96BF298BA"	"hybridzip-r2-fse-silesia-32k-20260821-d17"
"fse"	"r2-fse"	"mr"	"32"	"32768"	"12118"	"0.36981201171875"	"2.95849609375"	"0.0420372"	"0.0366362"	"2.00390625"	"PASS"	"fse=1"	"DDD852EF0744740735E6D32EE0FFCB197C3C8349C0D695AD192C7CB96BF298BA"	"hybridzip-r2-fse-silesia-32k-20260821-d17"
"fse"	"r2-fse"	"nci"	"32"	"32768"	"10000"	"0.30517578125"	"2.44140625"	"0.0488355"	"0.0354939"	"3.61328125"	"PASS"	"fse=1"	"DDD852EF0744740735E6D32EE0FFCB197C3C8349C0D695AD192C7CB96BF298BA"	"hybridzip-r2-fse-silesia-32k-20260821-d17"
"fse"	"r2-fse"	"ooffice"	"32"	"32768"	"25182"	"0.76849365234375"	"6.14794921875"	"0.0492743"	"0.0379212"	"4.00390625"	"PASS"	"fse=1"	"DDD852EF0744740735E6D32EE0FFCB197C3C8349C0D695AD192C7CB96BF298BA"	"hybridzip-r2-fse-silesia-32k-20260821-d17"
"fse"	"r2-fse"	"osdb"	"32"	"32768"	"27311"	"0.833465576171875"	"6.667724609375"	"0.0435167"	"0.0362538"	"2.00390625"	"PASS"	"fse=1"	"DDD852EF0744740735E6D32EE0FFCB197C3C8349C0D695AD192C7CB96BF298BA"	"hybridzip-r2-fse-silesia-32k-20260821-d17"
"fse"	"r2-fse"	"reymont"	"32"	"32768"	"20364"	"0.6214599609375"	"4.9716796875"	"0.0511054"	"0.0386897"	"2.00390625"	"PASS"	"fse=1"	"DDD852EF0744740735E6D32EE0FFCB197C3C8349C0D695AD192C7CB96BF298BA"	"hybridzip-r2-fse-silesia-32k-20260821-d17"
"fse"	"r2-fse"	"samba"	"32"	"32768"	"19959"	"0.609100341796875"	"4.872802734375"	"0.0482288"	"0.0372503"	"3.61328125"	"PASS"	"fse=1"	"DDD852EF0744740735E6D32EE0FFCB197C3C8349C0D695AD192C7CB96BF298BA"	"hybridzip-r2-fse-silesia-32k-20260821-d17"
"fse"	"r2-fse"	"sao"	"32"	"32768"	"30507"	"0.930999755859375"	"7.447998046875"	"0.0495757"	"0.0383338"	"3.609375"	"PASS"	"fse=1"	"DDD852EF0744740735E6D32EE0FFCB197C3C8349C0D695AD192C7CB96BF298BA"	"hybridzip-r2-fse-silesia-32k-20260821-d17"
"fse"	"r2-fse"	"webster"	"32"	"32768"	"21014"	"0.64129638671875"	"5.13037109375"	"0.0602064"	"0.0387082"	"2.00390625"	"PASS"	"fse=1"	"DDD852EF0744740735E6D32EE0FFCB197C3C8349C0D695AD192C7CB96BF298BA"	"hybridzip-r2-fse-silesia-32k-20260821-d17"
"fse"	"r2-fse"	"x-ray"	"32"	"32768"	"27018"	"0.82452392578125"	"6.59619140625"	"0.0494899"	"0.0369963"	"3.61328125"	"PASS"	"fse=1"	"DDD852EF0744740735E6D32EE0FFCB197C3C8349C0D695AD192C7CB96BF298BA"	"hybridzip-r2-fse-silesia-32k-20260821-d17"
"fse"	"r2-fse"	"xml"	"32"	"32768"	"21653"	"0.660797119140625"	"5.286376953125"	"0.0479287"	"0.0381186"	"3.61328125"	"PASS"	"fse=1"	"DDD852EF0744740735E6D32EE0FFCB197C3C8349C0D695AD192C7CB96BF298BA"	"hybridzip-r2-fse-silesia-32k-20260821-d17"
"rans"	"r2-rans"	"dickens"	"32"	"32768"	"19469"	"0.594146728515625"	"4.753173828125"	"0.0451609"	"0.0482921"	"3.4921875"	"PASS"	"rans=1"	"DDD852EF0744740735E6D32EE0FFCB197C3C8349C0D695AD192C7CB96BF298BA"	"hybridzip-r2-rans-silesia-32k-20260821-d18"
"rans"	"r2-rans"	"mozilla"	"32"	"32768"	"21742"	"0.66351318359375"	"5.30810546875"	"0.0494412"	"0.0381023"	"3.62890625"	"PASS"	"rans=1"	"DDD852EF0744740735E6D32EE0FFCB197C3C8349C0D695AD192C7CB96BF298BA"	"hybridzip-r2-rans-silesia-32k-20260821-d18"
"rans"	"r2-rans"	"mr"	"32"	"32768"	"12528"	"0.38232421875"	"3.05859375"	"0.0438026"	"0.0382605"	"2.00390625"	"PASS"	"rans=1"	"DDD852EF0744740735E6D32EE0FFCB197C3C8349C0D695AD192C7CB96BF298BA"	"hybridzip-r2-rans-silesia-32k-20260821-d18"
"rans"	"r2-rans"	"nci"	"32"	"32768"	"10095"	"0.308074951171875"	"2.464599609375"	"0.0502654"	"0.0370758"	"3.6171875"	"PASS"	"rans=1"	"DDD852EF0744740735E6D32EE0FFCB197C3C8349C0D695AD192C7CB96BF298BA"	"hybridzip-r2-rans-silesia-32k-20260821-d18"
"rans"	"r2-rans"	"ooffice"	"32"	"32768"	"25655"	"0.782928466796875"	"6.263427734375"	"0.039268"	"0.0379116"	"2.00390625"	"PASS"	"rans=1"	"DDD852EF0744740735E6D32EE0FFCB197C3C8349C0D695AD192C7CB96BF298BA"	"hybridzip-r2-rans-silesia-32k-20260821-d18"
"rans"	"r2-rans"	"osdb"	"32"	"32768"	"27825"	"0.849151611328125"	"6.793212890625"	"0.043775"	"0.0380421"	"2.00390625"	"PASS"	"rans=1"	"DDD852EF0744740735E6D32EE0FFCB197C3C8349C0D695AD192C7CB96BF298BA"	"hybridzip-r2-rans-silesia-32k-20260821-d18"
"rans"	"r2-rans"	"reymont"	"32"	"32768"	"20482"	"0.62506103515625"	"5.00048828125"	"0.0459601"	"0.0384571"	"3.23828125"	"PASS"	"rans=1"	"DDD852EF0744740735E6D32EE0FFCB197C3C8349C0D695AD192C7CB96BF298BA"	"hybridzip-r2-rans-silesia-32k-20260821-d18"
"rans"	"r2-rans"	"samba"	"32"	"32768"	"20094"	"0.61322021484375"	"4.90576171875"	"0.0499704"	"0.0361052"	"3.625"	"PASS"	"rans=1"	"DDD852EF0744740735E6D32EE0FFCB197C3C8349C0D695AD192C7CB96BF298BA"	"hybridzip-r2-rans-silesia-32k-20260821-d18"
"rans"	"r2-rans"	"sao"	"32"	"32768"	"30960"	"0.94482421875"	"7.55859375"	"0.037613"	"0.0357084"	"2"	"PASS"	"rans=1"	"DDD852EF0744740735E6D32EE0FFCB197C3C8349C0D695AD192C7CB96BF298BA"	"hybridzip-r2-rans-silesia-32k-20260821-d18"
"rans"	"r2-rans"	"webster"	"32"	"32768"	"21165"	"0.645904541015625"	"5.167236328125"	"0.0606567"	"0.0385575"	"2.6171875"	"PASS"	"rans=1"	"DDD852EF0744740735E6D32EE0FFCB197C3C8349C0D695AD192C7CB96BF298BA"	"hybridzip-r2-rans-silesia-32k-20260821-d18"
"rans"	"r2-rans"	"x-ray"	"32"	"32768"	"27517"	"0.839752197265625"	"6.718017578125"	"0.0518546"	"0.03763"	"4.00390625"	"PASS"	"rans=1"	"DDD852EF0744740735E6D32EE0FFCB197C3C8349C0D695AD192C7CB96BF298BA"	"hybridzip-r2-rans-silesia-32k-20260821-d18"
"rans"	"r2-rans"	"xml"	"32"	"32768"	"21775"	"0.664520263671875"	"5.316162109375"	"0.0500079"	"0.0378798"	"3.984375"	"PASS"	"rans=1"	"DDD852EF0744740735E6D32EE0FFCB197C3C8349C0D695AD192C7CB96BF298BA"	"hybridzip-r2-rans-silesia-32k-20260821-d18"
