"mode"	"mode_name"	"input_bytes"	"archive_bytes"	"bpb"	"codec_sha256"	"input_sha256"	"decoded_sha256"	"evidence_path"	"evidence_mtime"
"0"	"Stored"	"1024"	"1084"	"8.46875"	"FDE6F9ABC0F831CC9E35BF6B53C24654E06FBB2EE232856924E211A17B04A75B"	"8E7143FEF66EAF1B0A3DE8046F290F24DA96C2796C96084603BEE4D6F5C61F03"	"8E7143FEF66EAF1B0A3DE8046F290F24DA96C2796C96084603BEE4D6F5C61F03"	"E:\MIXER\hybridzip\results\smoke\r2-postbuild-stored-mode0-1k-20260826-224341-parallel\verification.json"	"2026-08-26T14:43:43.3662423Z"
"1"	"PredictiveV1"	"1024"	"1085"	"8.4765625"	"FDE6F9ABC0F831CC9E35BF6B53C24654E06FBB2EE232856924E211A17B04A75B"	"8E7143FEF66EAF1B0A3DE8046F290F24DA96C2796C96084603BEE4D6F5C61F03"	"8E7143FEF66EAF1B0A3DE8046F290F24DA96C2796C96084603BEE4D6F5C61F03"	"E:\MIXER\hybridzip\results\smoke\r2-postbuild-predictive-mode1-1k-20260826-224341-parallel\verification.json"	"2026-08-26T14:43:44.9135858Z"
"2"	"Zstd"	"1024"	"1098"	"8.578125"	"FDE6F9ABC0F831CC9E35BF6B53C24654E06FBB2EE232856924E211A17B04A75B"	"8E7143FEF66EAF1B0A3DE8046F290F24DA96C2796C96084603BEE4D6F5C61F03"	"8E7143FEF66EAF1B0A3DE8046F290F24DA96C2796C96084603BEE4D6F5C61F03"	"E:\MIXER\hybridzip\results\smoke\r2-postbuild-zstd-mode2-1k-20260826-230041-parallel\verification.json"	"2026-08-26T15:00:44.0237716Z"
"3"	"Fse"	"1024"	"1085"	"8.4765625"	"FDE6F9ABC0F831CC9E35BF6B53C24654E06FBB2EE232856924E211A17B04A75B"	"8E7143FEF66EAF1B0A3DE8046F290F24DA96C2796C96084603BEE4D6F5C61F03"	"8E7143FEF66EAF1B0A3DE8046F290F24DA96C2796C96084603BEE4D6F5C61F03"	"E:\MIXER\hybridzip\results\smoke\r2-postbuild-fse-mode3-1k-20260826-224341-parallel\verification.json"	"2026-08-26T14:43:43.1453955Z"
"4"	"Lzma"	"1024"	"1154"	"9.015625"	"FDE6F9ABC0F831CC9E35BF6B53C24654E06FBB2EE232856924E211A17B04A75B"	"8E7143FEF66EAF1B0A3DE8046F290F24DA96C2796C96084603BEE4D6F5C61F03"	"8E7143FEF66EAF1B0A3DE8046F290F24DA96C2796C96084603BEE4D6F5C61F03"	"E:\MIXER\hybridzip\results\smoke\r2-postbuild-lzma-mode4-1k-20260826-224341-parallel\verification.json"	"2026-08-26T14:43:43.0219068Z"
"5"	"DonorMatchPredictive"	"1024"	"1085"	"8.4765625"	"FDE6F9ABC0F831CC9E35BF6B53C24654E06FBB2EE232856924E211A17B04A75B"	"8E7143FEF66EAF1B0A3DE8046F290F24DA96C2796C96084603BEE4D6F5C61F03"	"8E7143FEF66EAF1B0A3DE8046F290F24DA96C2796C96084603BEE4D6F5C61F03"	"E:\MIXER\hybridzip\results\smoke\r2-postbuild-donor-match-mode5-1k-20260826-230041-parallel\verification.json"	"2026-08-26T15:00:43.8576702Z"
"6"	"BwtZstd"	"1024"	"1102"	"8.609375"	"FDE6F9ABC0F831CC9E35BF6B53C24654E06FBB2EE232856924E211A17B04A75B"	"8E7143FEF66EAF1B0A3DE8046F290F24DA96C2796C96084603BEE4D6F5C61F03"	"8E7143FEF66EAF1B0A3DE8046F290F24DA96C2796C96084603BEE4D6F5C61F03"	"E:\MIXER\hybridzip\results\smoke\r2-postbuild-bwt-zstd-mode6-1k-20260826-224341-parallel\verification.json"	"2026-08-26T14:43:42.9146982Z"
"7"	"BwtMtfZstd"	"1024"	"1102"	"8.609375"	"FDE6F9ABC0F831CC9E35BF6B53C24654E06FBB2EE232856924E211A17B04A75B"	"8E7143FEF66EAF1B0A3DE8046F290F24DA96C2796C96084603BEE4D6F5C61F03"	"8E7143FEF66EAF1B0A3DE8046F290F24DA96C2796C96084603BEE4D6F5C61F03"	"E:\MIXER\hybridzip\results\smoke\r2-postbuild-bwt-mtf-zstd-mode7-1k-20260826-224341-parallel\verification.json"	"2026-08-26T14:43:42.7644097Z"
"9"	"X86BcjZstd"	"1024"	"1098"	"8.578125"	"FDE6F9ABC0F831CC9E35BF6B53C24654E06FBB2EE232856924E211A17B04A75B"	"8E7143FEF66EAF1B0A3DE8046F290F24DA96C2796C96084603BEE4D6F5C61F03"	"8E7143FEF66EAF1B0A3DE8046F290F24DA96C2796C96084603BEE4D6F5C61F03"	"E:\MIXER\hybridzip\results\smoke\r2-postbuild-x86-bcj-zstd-mode9-1k-20260826-224341-parallel\verification.json"	"2026-08-26T14:43:42.4984598Z"
"10"	"ShuffleZstd"	"1024"	"1099"	"8.5859375"	"FDE6F9ABC0F831CC9E35BF6B53C24654E06FBB2EE232856924E211A17B04A75B"	"8E7143FEF66EAF1B0A3DE8046F290F24DA96C2796C96084603BEE4D6F5C61F03"	"8E7143FEF66EAF1B0A3DE8046F290F24DA96C2796C96084603BEE4D6F5C61F03"	"E:\MIXER\hybridzip\results\smoke\r2-postbuild-shuffle-zstd-mode10-1k-20260826-224341-parallel\verification.json"	"2026-08-26T14:43:42.4518217Z"
"11"	"BitshuffleZstd"	"1024"	"1099"	"8.5859375"	"FDE6F9ABC0F831CC9E35BF6B53C24654E06FBB2EE232856924E211A17B04A75B"	"8E7143FEF66EAF1B0A3DE8046F290F24DA96C2796C96084603BEE4D6F5C61F03"	"8E7143FEF66EAF1B0A3DE8046F290F24DA96C2796C96084603BEE4D6F5C61F03"	"E:\MIXER\hybridzip\results\smoke\r2-postbuild-bitshuffle-zstd-mode11-1k-20260826-224341-parallel\verification.json"	"2026-08-26T14:43:42.5074631Z"
"12"	"DeltaZstd"	"1024"	"1099"	"8.5859375"	"FDE6F9ABC0F831CC9E35BF6B53C24654E06FBB2EE232856924E211A17B04A75B"	"8E7143FEF66EAF1B0A3DE8046F290F24DA96C2796C96084603BEE4D6F5C61F03"	"8E7143FEF66EAF1B0A3DE8046F290F24DA96C2796C96084603BEE4D6F5C61F03"	"E:\MIXER\hybridzip\results\smoke\r2-postbuild-delta-zstd-1k-20260826\verification.json"	"2026-08-26T13:08:03.7257481Z"
"13"	"FastPfor"	"1024"	"1106"	"8.640625"	"FDE6F9ABC0F831CC9E35BF6B53C24654E06FBB2EE232856924E211A17B04A75B"	"8E7143FEF66EAF1B0A3DE8046F290F24DA96C2796C96084603BEE4D6F5C61F03"	"8E7143FEF66EAF1B0A3DE8046F290F24DA96C2796C96084603BEE4D6F5C61F03"	"E:\MIXER\hybridzip\results\smoke\r2-postbuild-fastpfor-mode13-1k-20260826\verification.json"	"2026-08-26T13:05:51.5081904Z"
"14"	"Rans"	"1024"	"1828"	"14.28125"	"FDE6F9ABC0F831CC9E35BF6B53C24654E06FBB2EE232856924E211A17B04A75B"	"8E7143FEF66EAF1B0A3DE8046F290F24DA96C2796C96084603BEE4D6F5C61F03"	"8E7143FEF66EAF1B0A3DE8046F290F24DA96C2796C96084603BEE4D6F5C61F03"	"E:\MIXER\hybridzip\results\smoke\r2-postbuild-rans-1k-20260826\verification.json"	"2026-08-26T13:03:12.2175540Z"
"15"	"Bcj2Zstd"	"1024"	"1119"	"8.7421875"	"FDE6F9ABC0F831CC9E35BF6B53C24654E06FBB2EE232856924E211A17B04A75B"	"8E7143FEF66EAF1B0A3DE8046F290F24DA96C2796C96084603BEE4D6F5C61F03"	"8E7143FEF66EAF1B0A3DE8046F290F24DA96C2796C96084603BEE4D6F5C61F03"	"E:\MIXER\hybridzip\results\smoke\r2-postbuild-bcj2-zstd-1k-20260826\verification.json"	"2026-08-26T13:01:04.3302254Z"
"16"	"RecordTransposeZstd"	"1024"	"1099"	"8.5859375"	"FDE6F9ABC0F831CC9E35BF6B53C24654E06FBB2EE232856924E211A17B04A75B"	"8E7143FEF66EAF1B0A3DE8046F290F24DA96C2796C96084603BEE4D6F5C61F03"	"8E7143FEF66EAF1B0A3DE8046F290F24DA96C2796C96084603BEE4D6F5C61F03"	"E:\MIXER\hybridzip\results\smoke\r2-postbuild-record-transpose-zstd-1k-20260826\verification.json"	"2026-08-26T12:58:29.1617218Z"
"17"	"JpegLs"	"1024"	"1333"	"10.4140625"	"FDE6F9ABC0F831CC9E35BF6B53C24654E06FBB2EE232856924E211A17B04A75B"	"8E7143FEF66EAF1B0A3DE8046F290F24DA96C2796C96084603BEE4D6F5C61F03"	"8E7143FEF66EAF1B0A3DE8046F290F24DA96C2796C96084603BEE4D6F5C61F03"	"E:\MIXER\hybridzip\results\smoke\r2-postbuild-jpegls-1k-20260826\verification.json"	"2026-08-26T12:56:36.0946399Z"
"18"	"FlacResidual"	"1024"	"1182"	"9.234375"	"FDE6F9ABC0F831CC9E35BF6B53C24654E06FBB2EE232856924E211A17B04A75B"	"8E7143FEF66EAF1B0A3DE8046F290F24DA96C2796C96084603BEE4D6F5C61F03"	"8E7143FEF66EAF1B0A3DE8046F290F24DA96C2796C96084603BEE4D6F5C61F03"	"E:\MIXER\hybridzip\results\smoke\r2-postbuild-flac-residual-1k-20260826\verification.json"	"2026-08-26T12:55:11.9130167Z"
"19"	"BrotliText"	"1024"	"1088"	"8.5"	"FDE6F9ABC0F831CC9E35BF6B53C24654E06FBB2EE232856924E211A17B04A75B"	"8E7143FEF66EAF1B0A3DE8046F290F24DA96C2796C96084603BEE4D6F5C61F03"	"8E7143FEF66EAF1B0A3DE8046F290F24DA96C2796C96084603BEE4D6F5C61F03"	"E:\MIXER\hybridzip\results\smoke\r2-postbuild-brotli-text-1k-20260826\verification.json"	"2026-08-26T12:53:10.4167525Z"
"20"	"CmixWordDictionaryZstd"	"1024"	"1403"	"10.9609375"	"FDE6F9ABC0F831CC9E35BF6B53C24654E06FBB2EE232856924E211A17B04A75B"	"8E7143FEF66EAF1B0A3DE8046F290F24DA96C2796C96084603BEE4D6F5C61F03"	"8E7143FEF66EAF1B0A3DE8046F290F24DA96C2796C96084603BEE4D6F5C61F03"	"E:\MIXER\hybridzip\results\smoke\r2-postbuild-cmix-word-zstd-1k-20260826\verification.json"	"2026-08-26T12:51:34.2635403Z"
"21"	"NeuralLstm"	"1024"	"1094"	"8.546875"	"FDE6F9ABC0F831CC9E35BF6B53C24654E06FBB2EE232856924E211A17B04A75B"	"8E7143FEF66EAF1B0A3DE8046F290F24DA96C2796C96084603BEE4D6F5C61F03"	"8E7143FEF66EAF1B0A3DE8046F290F24DA96C2796C96084603BEE4D6F5C61F03"	"E:\MIXER\hybridzip\results\smoke\r2-postbuild-neural-lstm-1k-20260826\verification.json"	"2026-08-26T12:49:53.3189737Z"
"22"	"SharedNeuralLstm"	"1024"	"1099"	"8.5859375"	"FDE6F9ABC0F831CC9E35BF6B53C24654E06FBB2EE232856924E211A17B04A75B"	"8E7143FEF66EAF1B0A3DE8046F290F24DA96C2796C96084603BEE4D6F5C61F03"	"8E7143FEF66EAF1B0A3DE8046F290F24DA96C2796C96084603BEE4D6F5C61F03"	"E:\MIXER\hybridzip\results\smoke\r2-postbuild-shared-neural-lstm-1k-20260826\verification.json"	"2026-08-26T12:48:44.9718521Z"
"23"	"LstmCompress"	"1024"	"1098"	"8.578125"	"FDE6F9ABC0F831CC9E35BF6B53C24654E06FBB2EE232856924E211A17B04A75B"	"8E7143FEF66EAF1B0A3DE8046F290F24DA96C2796C96084603BEE4D6F5C61F03"	"8E7143FEF66EAF1B0A3DE8046F290F24DA96C2796C96084603BEE4D6F5C61F03"	"E:\MIXER\hybridzip\results\smoke\r2-postbuild-lstm-compress-1k-20260826\verification.json"	"2026-08-26T12:46:37.3340977Z"
"24"	"DeltaOfDeltaZstd"	"1024"	"1099"	"8.5859375"	"FDE6F9ABC0F831CC9E35BF6B53C24654E06FBB2EE232856924E211A17B04A75B"	"8E7143FEF66EAF1B0A3DE8046F290F24DA96C2796C96084603BEE4D6F5C61F03"	"8E7143FEF66EAF1B0A3DE8046F290F24DA96C2796C96084603BEE4D6F5C61F03"	"E:\MIXER\hybridzip\results\smoke\r2-postbuild-delta-of-delta-zstd-1k-20260826\verification.json"	"2026-08-26T12:45:11.5178641Z"
"25"	"BgptSharedPrior"	"1024"	"1759"	"13.7421875"	"FDE6F9ABC0F831CC9E35BF6B53C24654E06FBB2EE232856924E211A17B04A75B"	"8E7143FEF66EAF1B0A3DE8046F290F24DA96C2796C96084603BEE4D6F5C61F03"	"8E7143FEF66EAF1B0A3DE8046F290F24DA96C2796C96084603BEE4D6F5C61F03"	"E:\MIXER\hybridzip\results\smoke\r2-postbuild-bgpt-shared-prior-1k-20260826\verification.json"	"2026-08-26T12:42:41.1555856Z"
"26"	"JaxCompressPortable"	"1024"	"1141"	"8.9140625"	"FDE6F9ABC0F831CC9E35BF6B53C24654E06FBB2EE232856924E211A17B04A75B"	"8E7143FEF66EAF1B0A3DE8046F290F24DA96C2796C96084603BEE4D6F5C61F03"	"8E7143FEF66EAF1B0A3DE8046F290F24DA96C2796C96084603BEE4D6F5C61F03"	"E:\MIXER\hybridzip\results\smoke\r2-postbuild-jax-compress-portable-1k-20260826\verification.json"	"2026-08-26T12:40:31.0971784Z"
"27"	"Ppmd7"	"1024"	"1193"	"9.3203125"	"FDE6F9ABC0F831CC9E35BF6B53C24654E06FBB2EE232856924E211A17B04A75B"	"8E7143FEF66EAF1B0A3DE8046F290F24DA96C2796C96084603BEE4D6F5C61F03"	"8E7143FEF66EAF1B0A3DE8046F290F24DA96C2796C96084603BEE4D6F5C61F03"	"E:\MIXER\hybridzip\results\smoke\r2-postbuild-ppmd7-1k-20260826\verification.json"	"2026-08-26T12:39:13.3548698Z"
"28"	"Ppmd8"	"1024"	"1194"	"9.328125"	"FDE6F9ABC0F831CC9E35BF6B53C24654E06FBB2EE232856924E211A17B04A75B"	"8E7143FEF66EAF1B0A3DE8046F290F24DA96C2796C96084603BEE4D6F5C61F03"	"8E7143FEF66EAF1B0A3DE8046F290F24DA96C2796C96084603BEE4D6F5C61F03"	"E:\MIXER\hybridzip\results\smoke\r2-postbuild-ppmd8-1k-20260826\verification.json"	"2026-08-26T12:38:01.8643276Z"
"29"	"Zpaq"	"1024"	"1365"	"10.6640625"	"FDE6F9ABC0F831CC9E35BF6B53C24654E06FBB2EE232856924E211A17B04A75B"	"8E7143FEF66EAF1B0A3DE8046F290F24DA96C2796C96084603BEE4D6F5C61F03"	"8E7143FEF66EAF1B0A3DE8046F290F24DA96C2796C96084603BEE4D6F5C61F03"	"E:\MIXER\hybridzip\results\smoke\r2-postbuild-zpaq-1k-20260826\verification.json"	"2026-08-26T12:36:16.8262001Z"
"30"	"Ctw"	"1024"	"1135"	"8.867188"	"FDE6F9ABC0F831CC9E35BF6B53C24654E06FBB2EE232856924E211A17B04A75B"	"8E7143FEF66EAF1B0A3DE8046F290F24DA96C2796C96084603BEE4D6F5C61F03"	"8E7143FEF66EAF1B0A3DE8046F290F24DA96C2796C96084603BEE4D6F5C61F03"	"E:\MIXER\hybridzip\results\smoke\r2-postbuild-ctw-1k-20260826\verification.json"	"2026-08-26T12:28:58.2347000Z"
"31"	"Paq8pxApmPredictive"	"1024"	"1106"	"8.640625"	"FDE6F9ABC0F831CC9E35BF6B53C24654E06FBB2EE232856924E211A17B04A75B"	"8E7143FEF66EAF1B0A3DE8046F290F24DA96C2796C96084603BEE4D6F5C61F03"	"8E7143FEF66EAF1B0A3DE8046F290F24DA96C2796C96084603BEE4D6F5C61F03"	"E:\MIXER\hybridzip\results\smoke\r2-postbuild-fastpfor-1k-20260826\verification.json"	"2026-08-26T12:26:12.8558167Z"
"32"	"Paq8pxRecordModel"	"1024"	"1084"	"8.46875"	"FDE6F9ABC0F831CC9E35BF6B53C24654E06FBB2EE232856924E211A17B04A75B"	"8E7143FEF66EAF1B0A3DE8046F290F24DA96C2796C96084603BEE4D6F5C61F03"	"8E7143FEF66EAF1B0A3DE8046F290F24DA96C2796C96084603BEE4D6F5C61F03"	"E:\MIXER\hybridzip\results\smoke\r2-postbuild-paq8px-record-model-1k-20260826\verification.json"	"2026-08-26T12:23:13.7328446Z"
"33"	"Paq8pxLinearPrediction"	"1024"	"1106"	"8.640625"	"FDE6F9ABC0F831CC9E35BF6B53C24654E06FBB2EE232856924E211A17B04A75B"	"8E7143FEF66EAF1B0A3DE8046F290F24DA96C2796C96084603BEE4D6F5C61F03"	"8E7143FEF66EAF1B0A3DE8046F290F24DA96C2796C96084603BEE4D6F5C61F03"	"E:\MIXER\hybridzip\results\smoke\r2-postbuild-paq8px-linear-prediction-1k-20260826\verification.json"	"2026-08-26T12:20:45.5829034Z"
"34"	"Paq8pxSimilarity"	"1024"	"1084"	"8.46875"	"FDE6F9ABC0F831CC9E35BF6B53C24654E06FBB2EE232856924E211A17B04A75B"	"8E7143FEF66EAF1B0A3DE8046F290F24DA96C2796C96084603BEE4D6F5C61F03"	"8E7143FEF66EAF1B0A3DE8046F290F24DA96C2796C96084603BEE4D6F5C61F03"	"E:\MIXER\hybridzip\results\smoke\r2-postbuild-paq8px-similarity-1k-20260826\verification.json"	"2026-08-26T12:18:37.6650859Z"
"35"	"Paq8pxSimilaritySse"	"1024"	"1086"	"8.484375"	"FDE6F9ABC0F831CC9E35BF6B53C24654E06FBB2EE232856924E211A17B04A75B"	"8E7143FEF66EAF1B0A3DE8046F290F24DA96C2796C96084603BEE4D6F5C61F03"	"8E7143FEF66EAF1B0A3DE8046F290F24DA96C2796C96084603BEE4D6F5C61F03"	"E:\MIXER\hybridzip\results\smoke\r2-postbuild-paq8px-similarity-sse-1k-20260826\verification.json"	"2026-08-26T12:16:22.0948421Z"
"36"	"Paq8pxGenericSse"	"1024"	"1088"	"8.5"	"FDE6F9ABC0F831CC9E35BF6B53C24654E06FBB2EE232856924E211A17B04A75B"	"8E7143FEF66EAF1B0A3DE8046F290F24DA96C2796C96084603BEE4D6F5C61F03"	"8E7143FEF66EAF1B0A3DE8046F290F24DA96C2796C96084603BEE4D6F5C61F03"	"E:\MIXER\hybridzip\results\smoke\r2-postbuild-paq8px-generic-sse-1k-20260826\verification.json"	"2026-08-26T12:13:59.5111263Z"
"37"	"Paq8pxDetectedSse"	"1024"	"1110"	"8.671875"	"FDE6F9ABC0F831CC9E35BF6B53C24654E06FBB2EE232856924E211A17B04A75B"	"8E7143FEF66EAF1B0A3DE8046F290F24DA96C2796C96084603BEE4D6F5C61F03"	"8E7143FEF66EAF1B0A3DE8046F290F24DA96C2796C96084603BEE4D6F5C61F03"	"E:\MIXER\hybridzip\results\smoke\r2-postbuild-paq8px-detected-sse-1k-20260826\verification.json"	"2026-08-26T12:12:38.2849467Z"
"38"	"Wavpack"	"1024"	"1289"	"10.070312"	"FDE6F9ABC0F831CC9E35BF6B53C24654E06FBB2EE232856924E211A17B04A75B"	"8E7143FEF66EAF1B0A3DE8046F290F24DA96C2796C96084603BEE4D6F5C61F03"	"8E7143FEF66EAF1B0A3DE8046F290F24DA96C2796C96084603BEE4D6F5C61F03"	"E:\MIXER\hybridzip\results\smoke\r2-postbuild-wavpack-1k-20260826\verification.json"	"2026-08-26T12:09:28.0541255Z"
"39"	"Lz4"	"1024"	"1113"	"8.695312"	"FDE6F9ABC0F831CC9E35BF6B53C24654E06FBB2EE232856924E211A17B04A75B"	"8E7143FEF66EAF1B0A3DE8046F290F24DA96C2796C96084603BEE4D6F5C61F03"	"8E7143FEF66EAF1B0A3DE8046F290F24DA96C2796C96084603BEE4D6F5C61F03"	"E:\MIXER\hybridzip\results\smoke\r2-postbuild-lz4-1k-20260826\verification.json"	"2026-08-26T12:05:37.4340296Z"
"40"	"KanziAns"	"1024"	"1322"	"10.328125"	"FDE6F9ABC0F831CC9E35BF6B53C24654E06FBB2EE232856924E211A17B04A75B"	"8E7143FEF66EAF1B0A3DE8046F290F24DA96C2796C96084603BEE4D6F5C61F03"	"8E7143FEF66EAF1B0A3DE8046F290F24DA96C2796C96084603BEE4D6F5C61F03"	"E:\MIXER\hybridzip\results\smoke\r2-postbuild-kanzi-1k-20260826\verification.json"	"2026-08-26T12:04:32.8531496Z"
"41"	"LmicArithmetic"	"1024"	"1768"	"13.8125"	"FDE6F9ABC0F831CC9E35BF6B53C24654E06FBB2EE232856924E211A17B04A75B"	"8E7143FEF66EAF1B0A3DE8046F290F24DA96C2796C96084603BEE4D6F5C61F03"	"8E7143FEF66EAF1B0A3DE8046F290F24DA96C2796C96084603BEE4D6F5C61F03"	"E:\MIXER\hybridzip\results\smoke\r2-postbuild-1k-20260826\verification.json"	"2026-08-26T11:49:10.0212316Z"
"42"	"DeltaBinaryPackedZstd"	"1024"	"1131"	"8.835938"	"FDE6F9ABC0F831CC9E35BF6B53C24654E06FBB2EE232856924E211A17B04A75B"	"8E7143FEF66EAF1B0A3DE8046F290F24DA96C2796C96084603BEE4D6F5C61F03"	"8E7143FEF66EAF1B0A3DE8046F290F24DA96C2796C96084603BEE4D6F5C61F03"	"E:\MIXER\hybridzip\results\smoke\r2-postbuild-1k-20260826\verification.json"	"2026-08-26T11:49:10.0212316Z"