"file"	"type"	"source_path"	"source_bytes"	"input_bytes"	"input_sha256"	"selection"
"plain-text.bin"	"plain_text"	"E:\MIXER\silesia\dickens"	"10192446"	"16384"	"626287FC08506A3F5C970220E11A187237ABD7A24C86E907699A781B1E6EF88D"	"first 16 KiB"
"source-code.cpp"	"source_code"	"E:\MIXER\KU\cmix-upstream\src\mixer\lstm.cpp"	"5829"	"5829"	"626291BB1EF81622D68EEFFC471FA083E53511C73F820573BD0FE4ED3F0F9B97"	"complete file"
"json-xml.xml"	"json_xml"	"E:\MIXER\silesia\xml"	"5345280"	"16384"	"8AF3E8EEBB5386B540BAA90B8AD66843E167E6DC7B3FE19F6B70C171E1FAD6F6"	"first 16 KiB"
"binary-executable.bin"	"binary_executable"	"E:\MIXER\hybridzip\build\Release\hybridzip.exe"	"3220993"	"16384"	"BF4ADC83F79E46C8E12D84070FCD55B64C96D60BD8A4EC982563AD474191D890"	"first 16 KiB"
"database-records.bin"	"database_binary_records"	"E:\MIXER\silesia\osdb"	"10085684"	"16384"	"A0ADE42DFE00837C696794BB4EDFCAD1C54C5A76951C4D04C1858A8B94A65716"	"first 16 KiB"
"image-xray.bin"	"image"	"E:\MIXER\silesia\x-ray"	"8474240"	"16384"	"22060074497A51B2C6B0072D5D58F7A991A62258B4797D4DF8765DCA2CD0641B"	"first 16 KiB"
"audio-media.wav"	"audio_media"	"E:\MIXER\KU\product-corpus\sample.wav"	"939248"	"16384"	"7E7502FBFE6BF3AB199E0FA9E557AB873574DAF7DBE2842185E7CF3F25BB2698"	"first 16 KiB"
"compressed-high-entropy.hz"	"compressed_high_entropy"	"E:\MIXER\hybridzip\build\phase5_128k\dickens.128KiB.hz"	"37483"	"16384"	"A02B9AA8CBAC6559193A2EB0741A6F2950C6CC6B04B89C02E43E6EFFDE1FB33A"	"first 16 KiB"
"large-mixed.bin"	"large_mixed"	"E:\MIXER\silesia\mozilla"	"51220480"	"131072"	"85CDBEA98382DB12E9A21FF90E1907452712D074000A6B855D2CA215FA591EB4"	"first 128 KiB"
