"mode"	"input_bytes"	"archive_bytes"	"bpb"	"codec_sha256"	"input_sha256"	"decoded_sha256"	"evidence_path"	"evidence_mtime"
"22"	"1024"	"1099"	"8.5859375"	"FDE6F9ABC0F831CC9E35BF6B53C24654E06FBB2EE232856924E211A17B04A75B"	"8E7143FEF66EAF1B0A3DE8046F290F24DA96C2796C96084603BEE4D6F5C61F03"	"8E7143FEF66EAF1B0A3DE8046F290F24DA96C2796C96084603BEE4D6F5C61F03"	"E:\MIXER\hybridzip\results\smoke\r2-postbuild-shared-neural-lstm-1k-20260826\verification.json"	"2026-08-26T12:48:44.9718521Z"
"23"	"1024"	"1098"	"8.578125"	"FDE6F9ABC0F831CC9E35BF6B53C24654E06FBB2EE232856924E211A17B04A75B"	"8E7143FEF66EAF1B0A3DE8046F290F24DA96C2796C96084603BEE4D6F5C61F03"	"8E7143FEF66EAF1B0A3DE8046F290F24DA96C2796C96084603BEE4D6F5C61F03"	"E:\MIXER\hybridzip\results\smoke\r2-postbuild-lstm-compress-1k-20260826\verification.json"	"2026-08-26T12:46:37.3340977Z"
"24"	"1024"	"1099"	"8.5859375"	"FDE6F9ABC0F831CC9E35BF6B53C24654E06FBB2EE232856924E211A17B04A75B"	"8E7143FEF66EAF1B0A3DE8046F290F24DA96C2796C96084603BEE4D6F5C61F03"	"8E7143FEF66EAF1B0A3DE8046F290F24DA96C2796C96084603BEE4D6F5C61F03"	"E:\MIXER\hybridzip\results\smoke\r2-postbuild-delta-of-delta-zstd-1k-20260826\verification.json"	"2026-08-26T12:45:11.5178641Z"
"25"	"1024"	"1759"	"13.7421875"	"FDE6F9ABC0F831CC9E35BF6B53C24654E06FBB2EE232856924E211A17B04A75B"	"8E7143FEF66EAF1B0A3DE8046F290F24DA96C2796C96084603BEE4D6F5C61F03"	"8E7143FEF66EAF1B0A3DE8046F290F24DA96C2796C96084603BEE4D6F5C61F03"	"E:\MIXER\hybridzip\results\smoke\r2-postbuild-bgpt-shared-prior-1k-20260826\verification.json"	"2026-08-26T12:42:41.1555856Z"
"26"	"1024"	"1141"	"8.9140625"	"FDE6F9ABC0F831CC9E35BF6B53C24654E06FBB2EE232856924E211A17B04A75B"	"8E7143FEF66EAF1B0A3DE8046F290F24DA96C2796C96084603BEE4D6F5C61F03"	"8E7143FEF66EAF1B0A3DE8046F290F24DA96C2796C96084603BEE4D6F5C61F03"	"E:\MIXER\hybridzip\results\smoke\r2-postbuild-jax-compress-portable-1k-20260826\verification.json"	"2026-08-26T12:40:31.0971784Z"
"27"	"1024"	"1193"	"9.3203125"	"FDE6F9ABC0F831CC9E35BF6B53C24654E06FBB2EE232856924E211A17B04A75B"	"8E7143FEF66EAF1B0A3DE8046F290F24DA96C2796C96084603BEE4D6F5C61F03"	"8E7143FEF66EAF1B0A3DE8046F290F24DA96C2796C96084603BEE4D6F5C61F03"	"E:\MIXER\hybridzip\results\smoke\r2-postbuild-ppmd7-1k-20260826\verification.json"	"2026-08-26T12:39:13.3548698Z"
"28"	"1024"	"1194"	"9.328125"	"FDE6F9ABC0F831CC9E35BF6B53C24654E06FBB2EE232856924E211A17B04A75B"	"8E7143FEF66EAF1B0A3DE8046F290F24DA96C2796C96084603BEE4D6F5C61F03"	"8E7143FEF66EAF1B0A3DE8046F290F24DA96C2796C96084603BEE4D6F5C61F03"	"E:\MIXER\hybridzip\results\smoke\r2-postbuild-ppmd8-1k-20260826\verification.json"	"2026-08-26T12:38:01.8643276Z"
"29"	"1024"	"1365"	"10.6640625"	"FDE6F9ABC0F831CC9E35BF6B53C24654E06FBB2EE232856924E211A17B04A75B"	"8E7143FEF66EAF1B0A3DE8046F290F24DA96C2796C96084603BEE4D6F5C61F03"	"8E7143FEF66EAF1B0A3DE8046F290F24DA96C2796C96084603BEE4D6F5C61F03"	"E:\MIXER\hybridzip\results\smoke\r2-postbuild-zpaq-1k-20260826\verification.json"	"2026-08-26T12:36:16.8262001Z"
"30"	"1024"	"1135"	"8.867188"	"FDE6F9ABC0F831CC9E35BF6B53C24654E06FBB2EE232856924E211A17B04A75B"	"8E7143FEF66EAF1B0A3DE8046F290F24DA96C2796C96084603BEE4D6F5C61F03"	"8E7143FEF66EAF1B0A3DE8046F290F24DA96C2796C96084603BEE4D6F5C61F03"	"E:\MIXER\hybridzip\results\smoke\r2-postbuild-ctw-1k-20260826\verification.json"	"2026-08-26T12:28:58.2347000Z"
"31"	"1024"	"1106"	"8.640625"	"FDE6F9ABC0F831CC9E35BF6B53C24654E06FBB2EE232856924E211A17B04A75B"	"8E7143FEF66EAF1B0A3DE8046F290F24DA96C2796C96084603BEE4D6F5C61F03"	"8E7143FEF66EAF1B0A3DE8046F290F24DA96C2796C96084603BEE4D6F5C61F03"	"E:\MIXER\hybridzip\results\smoke\r2-postbuild-fastpfor-1k-20260826\verification.json"	"2026-08-26T12:26:12.8558167Z"
"32"	"1024"	"1084"	"8.46875"	"FDE6F9ABC0F831CC9E35BF6B53C24654E06FBB2EE232856924E211A17B04A75B"	"8E7143FEF66EAF1B0A3DE8046F290F24DA96C2796C96084603BEE4D6F5C61F03"	"8E7143FEF66EAF1B0A3DE8046F290F24DA96C2796C96084603BEE4D6F5C61F03"	"E:\MIXER\hybridzip\results\smoke\r2-postbuild-paq8px-record-model-1k-20260826\verification.json"	"2026-08-26T12:23:13.7328446Z"
"33"	"1024"	"1106"	"8.640625"	"FDE6F9ABC0F831CC9E35BF6B53C24654E06FBB2EE232856924E211A17B04A75B"	"8E7143FEF66EAF1B0A3DE8046F290F24DA96C2796C96084603BEE4D6F5C61F03"	"8E7143FEF66EAF1B0A3DE8046F290F24DA96C2796C96084603BEE4D6F5C61F03"	"E:\MIXER\hybridzip\results\smoke\r2-postbuild-paq8px-linear-prediction-1k-20260826\verification.json"	"2026-08-26T12:20:45.5829034Z"
"34"	"1024"	"1084"	"8.46875"	"FDE6F9ABC0F831CC9E35BF6B53C24654E06FBB2EE232856924E211A17B04A75B"	"8E7143FEF66EAF1B0A3DE8046F290F24DA96C2796C96084603BEE4D6F5C61F03"	"8E7143FEF66EAF1B0A3DE8046F290F24DA96C2796C96084603BEE4D6F5C61F03"	"E:\MIXER\hybridzip\results\smoke\r2-postbuild-paq8px-similarity-1k-20260826\verification.json"	"2026-08-26T12:18:37.6650859Z"
"35"	"1024"	"1086"	"8.484375"	"FDE6F9ABC0F831CC9E35BF6B53C24654E06FBB2EE232856924E211A17B04A75B"	"8E7143FEF66EAF1B0A3DE8046F290F24DA96C2796C96084603BEE4D6F5C61F03"	"8E7143FEF66EAF1B0A3DE8046F290F24DA96C2796C96084603BEE4D6F5C61F03"	"E:\MIXER\hybridzip\results\smoke\r2-postbuild-paq8px-similarity-sse-1k-20260826\verification.json"	"2026-08-26T12:16:22.0948421Z"
"36"	"1024"	"1088"	"8.5"	"FDE6F9ABC0F831CC9E35BF6B53C24654E06FBB2EE232856924E211A17B04A75B"	"8E7143FEF66EAF1B0A3DE8046F290F24DA96C2796C96084603BEE4D6F5C61F03"	"8E7143FEF66EAF1B0A3DE8046F290F24DA96C2796C96084603BEE4D6F5C61F03"	"E:\MIXER\hybridzip\results\smoke\r2-postbuild-paq8px-generic-sse-1k-20260826\verification.json"	"2026-08-26T12:13:59.5111263Z"
"37"	"1024"	"1110"	"8.671875"	"FDE6F9ABC0F831CC9E35BF6B53C24654E06FBB2EE232856924E211A17B04A75B"	"8E7143FEF66EAF1B0A3DE8046F290F24DA96C2796C96084603BEE4D6F5C61F03"	"8E7143FEF66EAF1B0A3DE8046F290F24DA96C2796C96084603BEE4D6F5C61F03"	"E:\MIXER\hybridzip\results\smoke\r2-postbuild-paq8px-detected-sse-1k-20260826\verification.json"	"2026-08-26T12:12:38.2849467Z"
"38"	"1024"	"1289"	"10.070312"	"FDE6F9ABC0F831CC9E35BF6B53C24654E06FBB2EE232856924E211A17B04A75B"	"8E7143FEF66EAF1B0A3DE8046F290F24DA96C2796C96084603BEE4D6F5C61F03"	"8E7143FEF66EAF1B0A3DE8046F290F24DA96C2796C96084603BEE4D6F5C61F03"	"E:\MIXER\hybridzip\results\smoke\r2-postbuild-wavpack-1k-20260826\verification.json"	"2026-08-26T12:09:28.0541255Z"
"39"	"1024"	"1113"	"8.695312"	"FDE6F9ABC0F831CC9E35BF6B53C24654E06FBB2EE232856924E211A17B04A75B"	"8E7143FEF66EAF1B0A3DE8046F290F24DA96C2796C96084603BEE4D6F5C61F03"	"8E7143FEF66EAF1B0A3DE8046F290F24DA96C2796C96084603BEE4D6F5C61F03"	"E:\MIXER\hybridzip\results\smoke\r2-postbuild-lz4-1k-20260826\verification.json"	"2026-08-26T12:05:37.4340296Z"
"40"	"1024"	"1322"	"10.328125"	"FDE6F9ABC0F831CC9E35BF6B53C24654E06FBB2EE232856924E211A17B04A75B"	"8E7143FEF66EAF1B0A3DE8046F290F24DA96C2796C96084603BEE4D6F5C61F03"	"8E7143FEF66EAF1B0A3DE8046F290F24DA96C2796C96084603BEE4D6F5C61F03"	"E:\MIXER\hybridzip\results\smoke\r2-postbuild-kanzi-1k-20260826\verification.json"	"2026-08-26T12:04:32.8531496Z"
"41"	"1024"	"1768"	"13.8125"	"FDE6F9ABC0F831CC9E35BF6B53C24654E06FBB2EE232856924E211A17B04A75B"	"8E7143FEF66EAF1B0A3DE8046F290F24DA96C2796C96084603BEE4D6F5C61F03"	"8E7143FEF66EAF1B0A3DE8046F290F24DA96C2796C96084603BEE4D6F5C61F03"	"E:\MIXER\hybridzip\results\smoke\r2-postbuild-1k-20260826\verification.json"	"2026-08-26T11:49:10.0212316Z"
"42"	"1024"	"1131"	"8.835938"	"FDE6F9ABC0F831CC9E35BF6B53C24654E06FBB2EE232856924E211A17B04A75B"	"8E7143FEF66EAF1B0A3DE8046F290F24DA96C2796C96084603BEE4D6F5C61F03"	"8E7143FEF66EAF1B0A3DE8046F290F24DA96C2796C96084603BEE4D6F5C61F03"	"E:\MIXER\hybridzip\results\smoke\r2-postbuild-1k-20260826\verification.json"	"2026-08-26T11:49:10.0212316Z"