"ledger_id"	"mode"	"mode_index"	"package_name"	"package_path"	"files"	"scopes_kib"	"block_size_kib"	"expected_rows"	"status"	"started_at"	"completed_at"	"error"
"hybridzip-r2-forced-oracle-current-320dd1b"	"auto"	"-1"	"hybridzip-r2-forced-oracle-current-320dd1b-auto"	"E:\MIXER\hybridzip\results\experiments\hybridzip-r2-forced-oracle-current-320dd1b-auto"	"dickens,mozilla,mr,nci,ooffice,osdb,reymont,samba,sao,webster,x-ray,xml"	"32"	"32"	"12"	"COMPLETE"	"2026-08-28T12:45:21.9316031+08:00"	"2026-08-28T13:22:55.0133677+08:00"	""
"hybridzip-r2-forced-oracle-current-320dd1b"	"stored"	"0"	"hybridzip-r2-forced-oracle-current-320dd1b-stored"	"E:\MIXER\hybridzip\results\experiments\hybridzip-r2-forced-oracle-current-320dd1b-stored"	"dickens,mozilla,mr,nci,ooffice,osdb,reymont,samba,sao,webster,x-ray,xml"	"32"	"32"	"12"	"COMPLETE"	"2026-08-28T13:22:55.0155183+08:00"	"2026-08-28T13:22:58.3714017+08:00"	""
"hybridzip-r2-forced-oracle-current-320dd1b"	"predictive"	"1"	"hybridzip-r2-forced-oracle-current-320dd1b-predictive"	"E:\MIXER\hybridzip\results\experiments\hybridzip-r2-forced-oracle-current-320dd1b-predictive"	"dickens,mozilla,mr,nci,ooffice,osdb,reymont,samba,sao,webster,x-ray,xml"	"32"	"32"	"12"	"COMPLETE"	"2026-08-28T13:22:58.3724846+08:00"	"2026-08-28T13:31:31.4983317+08:00"	""
"hybridzip-r2-forced-oracle-current-320dd1b"	"zstd"	"2"	"hybridzip-r2-forced-oracle-current-320dd1b-zstd"	"E:\MIXER\hybridzip\results\experiments\hybridzip-r2-forced-oracle-current-320dd1b-zstd"	"dickens,mozilla,mr,nci,ooffice,osdb,reymont,samba,sao,webster,x-ray,xml"	"32"	"32"	"12"	"COMPLETE"	"2026-08-28T13:31:31.4993755+08:00"	"2026-08-28T13:31:34.7856196+08:00"	""
"hybridzip-r2-forced-oracle-current-320dd1b"	"fse"	"3"	"hybridzip-r2-forced-oracle-current-320dd1b-fse"	"E:\MIXER\hybridzip\results\experiments\hybridzip-r2-forced-oracle-current-320dd1b-fse"	"dickens,mozilla,mr,nci,ooffice,osdb,reymont,samba,sao,webster,x-ray,xml"	"32"	"32"	"12"	"COMPLETE"	"2026-08-28T13:31:34.7866358+08:00"	"2026-08-28T13:31:38.1158591+08:00"	""
"hybridzip-r2-forced-oracle-current-320dd1b"	"lzma"	"4"	"hybridzip-r2-forced-oracle-current-320dd1b-lzma"	"E:\MIXER\hybridzip\results\experiments\hybridzip-r2-forced-oracle-current-320dd1b-lzma"	"dickens,mozilla,mr,nci,ooffice,osdb,reymont,samba,sao,webster,x-ray,xml"	"32"	"32"	"12"	"COMPLETE"	"2026-08-28T13:31:38.1166431+08:00"	"2026-08-28T13:31:41.3563350+08:00"	""
"hybridzip-r2-forced-oracle-current-320dd1b"	"donor-match"	"5"	"hybridzip-r2-forced-oracle-current-320dd1b-donor-match"	"E:\MIXER\hybridzip\results\experiments\hybridzip-r2-forced-oracle-current-320dd1b-donor-match"	"dickens,mozilla,mr,nci,ooffice,osdb,reymont,samba,sao,webster,x-ray,xml"	"32"	"32"	"12"	"COMPLETE"	"2026-08-28T13:31:41.3571953+08:00"	"2026-08-28T13:39:47.6544824+08:00"	""
"hybridzip-r2-forced-oracle-current-320dd1b"	"bwt-zstd"	"6"	"hybridzip-r2-forced-oracle-current-320dd1b-bwt-zstd"	"E:\MIXER\hybridzip\results\experiments\hybridzip-r2-forced-oracle-current-320dd1b-bwt-zstd"	"dickens,mozilla,mr,nci,ooffice,osdb,reymont,samba,sao,webster,x-ray,xml"	"32"	"32"	"12"	"COMPLETE"	"2026-08-28T13:39:47.6553443+08:00"	"2026-08-28T13:39:50.9887655+08:00"	""
"hybridzip-r2-forced-oracle-current-320dd1b"	"bwt-mtf-zstd"	"7"	"hybridzip-r2-forced-oracle-current-320dd1b-bwt-mtf-zstd"	"E:\MIXER\hybridzip\results\experiments\hybridzip-r2-forced-oracle-current-320dd1b-bwt-mtf-zstd"	"dickens,mozilla,mr,nci,ooffice,osdb,reymont,samba,sao,webster,x-ray,xml"	"32"	"32"	"12"	"COMPLETE"	"2026-08-28T13:39:50.9897043+08:00"	"2026-08-28T13:39:54.4304172+08:00"	""
"hybridzip-r2-forced-oracle-current-320dd1b"	"bwt-rlt-zstd"	"8"	"hybridzip-r2-forced-oracle-current-320dd1b-bwt-rlt-zstd"	"E:\MIXER\hybridzip\results\experiments\hybridzip-r2-forced-oracle-current-320dd1b-bwt-rlt-zstd"	"dickens,mozilla,mr,nci,ooffice,osdb,reymont,samba,sao,webster,x-ray,xml"	"32"	"32"	"12"	"COMPLETE"	"2026-08-28T13:39:54.4314208+08:00"	"2026-08-28T13:39:57.6653506+08:00"	""
"hybridzip-r2-forced-oracle-current-320dd1b"	"x86-bcj-zstd"	"9"	"hybridzip-r2-forced-oracle-current-320dd1b-x86-bcj-zstd"	"E:\MIXER\hybridzip\results\experiments\hybridzip-r2-forced-oracle-current-320dd1b-x86-bcj-zstd"	"dickens,mozilla,mr,nci,ooffice,osdb,reymont,samba,sao,webster,x-ray,xml"	"32"	"32"	"12"	"COMPLETE"	"2026-08-28T13:39:57.6663730+08:00"	"2026-08-28T13:40:00.9560557+08:00"	""
"hybridzip-r2-forced-oracle-current-320dd1b"	"shuffle-zstd"	"10"	"hybridzip-r2-forced-oracle-current-320dd1b-shuffle-zstd"	"E:\MIXER\hybridzip\results\experiments\hybridzip-r2-forced-oracle-current-320dd1b-shuffle-zstd"	"dickens,mozilla,mr,nci,ooffice,osdb,reymont,samba,sao,webster,x-ray,xml"	"32"	"32"	"12"	"COMPLETE"	"2026-08-28T13:40:00.9579993+08:00"	"2026-08-28T13:40:04.4762084+08:00"	""
"hybridzip-r2-forced-oracle-current-320dd1b"	"bitshuffle-zstd"	"11"	"hybridzip-r2-forced-oracle-current-320dd1b-bitshuffle-zstd"	"E:\MIXER\hybridzip\results\experiments\hybridzip-r2-forced-oracle-current-320dd1b-bitshuffle-zstd"	"dickens,mozilla,mr,nci,ooffice,osdb,reymont,samba,sao,webster,x-ray,xml"	"32"	"32"	"12"	"COMPLETE"	"2026-08-28T13:40:04.4772763+08:00"	"2026-08-28T13:40:08.0550730+08:00"	""
"hybridzip-r2-forced-oracle-current-320dd1b"	"delta-zstd"	"12"	"hybridzip-r2-forced-oracle-current-320dd1b-delta-zstd"	"E:\MIXER\hybridzip\results\experiments\hybridzip-r2-forced-oracle-current-320dd1b-delta-zstd"	"dickens,mozilla,mr,nci,ooffice,osdb,reymont,samba,sao,webster,x-ray,xml"	"32"	"32"	"12"	"COMPLETE"	"2026-08-28T13:40:08.0559460+08:00"	"2026-08-28T13:40:11.5952993+08:00"	""
"hybridzip-r2-forced-oracle-current-320dd1b"	"fastpfor"	"13"	"hybridzip-r2-forced-oracle-current-320dd1b-fastpfor"	"E:\MIXER\hybridzip\results\experiments\hybridzip-r2-forced-oracle-current-320dd1b-fastpfor"	"dickens,mozilla,mr,nci,ooffice,osdb,reymont,samba,sao,webster,x-ray,xml"	"32"	"32"	"12"	"COMPLETE"	"2026-08-28T13:40:11.5960835+08:00"	"2026-08-28T13:40:14.8601503+08:00"	""
"hybridzip-r2-forced-oracle-current-320dd1b"	"rans"	"14"	"hybridzip-r2-forced-oracle-current-320dd1b-rans"	"E:\MIXER\hybridzip\results\experiments\hybridzip-r2-forced-oracle-current-320dd1b-rans"	"dickens,mozilla,mr,nci,ooffice,osdb,reymont,samba,sao,webster,x-ray,xml"	"32"	"32"	"12"	"COMPLETE"	"2026-08-28T13:40:14.8611563+08:00"	"2026-08-28T13:40:18.1970921+08:00"	""
"hybridzip-r2-forced-oracle-current-320dd1b"	"bcj2-zstd"	"15"	"hybridzip-r2-forced-oracle-current-320dd1b-bcj2-zstd"	"E:\MIXER\hybridzip\results\experiments\hybridzip-r2-forced-oracle-current-320dd1b-bcj2-zstd"	"dickens,mozilla,mr,nci,ooffice,osdb,reymont,samba,sao,webster,x-ray,xml"	"32"	"32"	"12"	"COMPLETE"	"2026-08-28T13:40:18.1980633+08:00"	"2026-08-28T13:40:21.5741002+08:00"	""
"hybridzip-r2-forced-oracle-current-320dd1b"	"record-transpose-zstd"	"16"	"hybridzip-r2-forced-oracle-current-320dd1b-record-transpose-zstd"	"E:\MIXER\hybridzip\results\experiments\hybridzip-r2-forced-oracle-current-320dd1b-record-transpose-zstd"	"dickens,mozilla,mr,nci,ooffice,osdb,reymont,samba,sao,webster,x-ray,xml"	"32"	"32"	"12"	"COMPLETE"	"2026-08-28T13:40:21.5751419+08:00"	"2026-08-28T13:40:24.9248635+08:00"	""
"hybridzip-r2-forced-oracle-current-320dd1b"	"jpegls"	"17"	"hybridzip-r2-forced-oracle-current-320dd1b-jpegls"	"E:\MIXER\hybridzip\results\experiments\hybridzip-r2-forced-oracle-current-320dd1b-jpegls"	"dickens,mozilla,mr,nci,ooffice,osdb,reymont,samba,sao,webster,x-ray,xml"	"32"	"32"	"12"	"COMPLETE"	"2026-08-28T13:40:24.9256884+08:00"	"2026-08-28T13:40:28.2389483+08:00"	""
"hybridzip-r2-forced-oracle-current-320dd1b"	"flac-residual"	"18"	"hybridzip-r2-forced-oracle-current-320dd1b-flac-residual"	"E:\MIXER\hybridzip\results\experiments\hybridzip-r2-forced-oracle-current-320dd1b-flac-residual"	"dickens,mozilla,mr,nci,ooffice,osdb,reymont,samba,sao,webster,x-ray,xml"	"32"	"32"	"12"	"COMPLETE"	"2026-08-28T13:40:28.2402455+08:00"	"2026-08-28T13:40:31.7313643+08:00"	""
"hybridzip-r2-forced-oracle-current-320dd1b"	"brotli-text"	"19"	"hybridzip-r2-forced-oracle-current-320dd1b-brotli-text"	"E:\MIXER\hybridzip\results\experiments\hybridzip-r2-forced-oracle-current-320dd1b-brotli-text"	"dickens,mozilla,mr,nci,ooffice,osdb,reymont,samba,sao,webster,x-ray,xml"	"32"	"32"	"12"	"COMPLETE"	"2026-08-28T13:40:31.7321159+08:00"	"2026-08-28T13:40:35.4093484+08:00"	""
"hybridzip-r2-forced-oracle-current-320dd1b"	"cmix-word-zstd"	"20"	"hybridzip-r2-forced-oracle-current-320dd1b-cmix-word-zstd"	"E:\MIXER\hybridzip\results\experiments\hybridzip-r2-forced-oracle-current-320dd1b-cmix-word-zstd"	"dickens,mozilla,mr,nci,ooffice,osdb,reymont,samba,sao,webster,x-ray,xml"	"32"	"32"	"12"	"COMPLETE"	"2026-08-28T13:40:35.4101130+08:00"	"2026-08-28T13:40:39.3382197+08:00"	""
"hybridzip-r2-forced-oracle-current-320dd1b"	"neural-lstm"	"21"	"hybridzip-r2-forced-oracle-current-320dd1b-neural-lstm"	"E:\MIXER\hybridzip\results\experiments\hybridzip-r2-forced-oracle-current-320dd1b-neural-lstm"	"dickens,mozilla,mr,nci,ooffice,osdb,reymont,samba,sao,webster,x-ray,xml"	"32"	"32"	"12"	"COMPLETE"	"2026-08-28T13:40:39.3390236+08:00"	"2026-08-28T13:48:42.8824497+08:00"	""
"hybridzip-r2-forced-oracle-current-320dd1b"	"shared-neural-lstm"	"22"	"hybridzip-r2-forced-oracle-current-320dd1b-shared-neural-lstm"	"E:\MIXER\hybridzip\results\experiments\hybridzip-r2-forced-oracle-current-320dd1b-shared-neural-lstm"	"dickens,mozilla,mr,nci,ooffice,osdb,reymont,samba,sao,webster,x-ray,xml"	"32"	"32"	"12"	"COMPLETE"	"2026-08-28T13:48:42.8832508+08:00"	"2026-08-28T13:58:45.8186543+08:00"	""
"hybridzip-r2-forced-oracle-current-320dd1b"	"lstm-compress"	"23"	"hybridzip-r2-forced-oracle-current-320dd1b-lstm-compress"	"E:\MIXER\hybridzip\results\experiments\hybridzip-r2-forced-oracle-current-320dd1b-lstm-compress"	"dickens,mozilla,mr,nci,ooffice,osdb,reymont,samba,sao,webster,x-ray,xml"	"32"	"32"	"12"	"COMPLETE"	"2026-08-28T13:58:45.8199617+08:00"	"2026-08-28T14:04:10.4744621+08:00"	""
"hybridzip-r2-forced-oracle-current-320dd1b"	"delta-of-delta-zstd"	"24"	"hybridzip-r2-forced-oracle-current-320dd1b-delta-of-delta-zstd"	"E:\MIXER\hybridzip\results\experiments\hybridzip-r2-forced-oracle-current-320dd1b-delta-of-delta-zstd"	"dickens,mozilla,mr,nci,ooffice,osdb,reymont,samba,sao,webster,x-ray,xml"	"32"	"32"	"12"	"COMPLETE"	"2026-08-28T14:04:10.4755777+08:00"	"2026-08-28T14:04:13.7833499+08:00"	""
"hybridzip-r2-forced-oracle-current-320dd1b"	"bgpt-shared-prior"	"25"	"hybridzip-r2-forced-oracle-current-320dd1b-bgpt-shared-prior"	"E:\MIXER\hybridzip\results\experiments\hybridzip-r2-forced-oracle-current-320dd1b-bgpt-shared-prior"	"dickens,mozilla,mr,nci,ooffice,osdb,reymont,samba,sao,webster,x-ray,xml"	"32"	"32"	"12"	"COMPLETE"	"2026-08-28T14:04:13.7841393+08:00"	"2026-08-28T14:04:17.2330575+08:00"	""
"hybridzip-r2-forced-oracle-current-320dd1b"	"jax-compress-portable"	"26"	"hybridzip-r2-forced-oracle-current-320dd1b-jax-compress-portable"	"E:\MIXER\hybridzip\results\experiments\hybridzip-r2-forced-oracle-current-320dd1b-jax-compress-portable"	"dickens,mozilla,mr,nci,ooffice,osdb,reymont,samba,sao,webster,x-ray,xml"	"32"	"32"	"12"	"COMPLETE"	"2026-08-28T14:04:17.2343063+08:00"	"2026-08-28T14:06:14.6308748+08:00"	""
"hybridzip-r2-forced-oracle-current-320dd1b"	"ppmd7"	"27"	"hybridzip-r2-forced-oracle-current-320dd1b-ppmd7"	"E:\MIXER\hybridzip\results\experiments\hybridzip-r2-forced-oracle-current-320dd1b-ppmd7"	"dickens,mozilla,mr,nci,ooffice,osdb,reymont,samba,sao,webster,x-ray,xml"	"32"	"32"	"12"	"COMPLETE"	"2026-08-28T14:06:14.6322924+08:00"	"2026-08-28T14:06:18.0915928+08:00"	""
"hybridzip-r2-forced-oracle-current-320dd1b"	"ppmd8"	"28"	"hybridzip-r2-forced-oracle-current-320dd1b-ppmd8"	"E:\MIXER\hybridzip\results\experiments\hybridzip-r2-forced-oracle-current-320dd1b-ppmd8"	"dickens,mozilla,mr,nci,ooffice,osdb,reymont,samba,sao,webster,x-ray,xml"	"32"	"32"	"12"	"COMPLETE"	"2026-08-28T14:06:18.0923711+08:00"	"2026-08-28T14:06:21.4979411+08:00"	""
"hybridzip-r2-forced-oracle-current-320dd1b"	"zpaq"	"29"	"hybridzip-r2-forced-oracle-current-320dd1b-zpaq"	"E:\MIXER\hybridzip\results\experiments\hybridzip-r2-forced-oracle-current-320dd1b-zpaq"	"dickens,mozilla,mr,nci,ooffice,osdb,reymont,samba,sao,webster,x-ray,xml"	"32"	"32"	"12"	"COMPLETE"	"2026-08-28T14:06:21.4991025+08:00"	"2026-08-28T14:06:24.8226720+08:00"	""
"hybridzip-r2-forced-oracle-current-320dd1b"	"ctw"	"30"	"hybridzip-r2-forced-oracle-current-320dd1b-ctw"	"E:\MIXER\hybridzip\results\experiments\hybridzip-r2-forced-oracle-current-320dd1b-ctw"	"dickens,mozilla,mr,nci,ooffice,osdb,reymont,samba,sao,webster,x-ray,xml"	"32"	"32"	"12"	"COMPLETE"	"2026-08-28T14:06:24.8235474+08:00"	"2026-08-28T14:07:06.3643956+08:00"	""
"hybridzip-r2-forced-oracle-current-320dd1b"	"paq8px-apm"	"31"	"hybridzip-r2-forced-oracle-current-320dd1b-paq8px-apm"	"E:\MIXER\hybridzip\results\experiments\hybridzip-r2-forced-oracle-current-320dd1b-paq8px-apm"	"dickens,mozilla,mr,nci,ooffice,osdb,reymont,samba,sao,webster,x-ray,xml"	"32"	"32"	"12"	"COMPLETE"	"2026-08-28T14:07:06.3659747+08:00"	"2026-08-28T14:15:35.9843911+08:00"	""
"hybridzip-r2-forced-oracle-current-320dd1b"	"paq8px-record-model"	"32"	"hybridzip-r2-forced-oracle-current-320dd1b-paq8px-record-model"	"E:\MIXER\hybridzip\results\experiments\hybridzip-r2-forced-oracle-current-320dd1b-paq8px-record-model"	"dickens,mozilla,mr,nci,ooffice,osdb,reymont,samba,sao,webster,x-ray,xml"	"32"	"32"	"12"	"COMPLETE"	"2026-08-28T14:15:35.9856949+08:00"	"2026-08-28T14:15:47.5510830+08:00"	""
"hybridzip-r2-forced-oracle-current-320dd1b"	"paq8px-linear-prediction"	"33"	"hybridzip-r2-forced-oracle-current-320dd1b-paq8px-linear-prediction"	"E:\MIXER\hybridzip\results\experiments\hybridzip-r2-forced-oracle-current-320dd1b-paq8px-linear-prediction"	"dickens,mozilla,mr,nci,ooffice,osdb,reymont,samba,sao,webster,x-ray,xml"	"32"	"32"	"12"	"COMPLETE"	"2026-08-28T14:15:47.5523681+08:00"	"2026-08-28T14:15:53.9639961+08:00"	""
"hybridzip-r2-forced-oracle-current-320dd1b"	"paq8px-similarity"	"34"	"hybridzip-r2-forced-oracle-current-320dd1b-paq8px-similarity"	"E:\MIXER\hybridzip\results\experiments\hybridzip-r2-forced-oracle-current-320dd1b-paq8px-similarity"	"dickens,mozilla,mr,nci,ooffice,osdb,reymont,samba,sao,webster,x-ray,xml"	"32"	"32"	"12"	"COMPLETE"	"2026-08-28T14:15:53.9651671+08:00"	"2026-08-28T14:16:09.0706526+08:00"	""
"hybridzip-r2-forced-oracle-current-320dd1b"	"paq8px-similarity-sse"	"35"	"hybridzip-r2-forced-oracle-current-320dd1b-paq8px-similarity-sse"	"E:\MIXER\hybridzip\results\experiments\hybridzip-r2-forced-oracle-current-320dd1b-paq8px-similarity-sse"	"dickens,mozilla,mr,nci,ooffice,osdb,reymont,samba,sao,webster,x-ray,xml"	"32"	"32"	"12"	"COMPLETE"	"2026-08-28T14:16:09.0717993+08:00"	"2026-08-28T14:16:28.0719138+08:00"	""
"hybridzip-r2-forced-oracle-current-320dd1b"	"paq8px-generic-sse"	"36"	"hybridzip-r2-forced-oracle-current-320dd1b-paq8px-generic-sse"	"E:\MIXER\hybridzip\results\experiments\hybridzip-r2-forced-oracle-current-320dd1b-paq8px-generic-sse"	"dickens,mozilla,mr,nci,ooffice,osdb,reymont,samba,sao,webster,x-ray,xml"	"32"	"32"	"12"	"COMPLETE"	"2026-08-28T14:16:28.0743096+08:00"	"2026-08-28T14:22:17.3475981+08:00"	""
"hybridzip-r2-forced-oracle-current-320dd1b"	"paq8px-detected-sse"	"37"	"hybridzip-r2-forced-oracle-current-320dd1b-paq8px-detected-sse"	"E:\MIXER\hybridzip\results\experiments\hybridzip-r2-forced-oracle-current-320dd1b-paq8px-detected-sse"	"dickens,mozilla,mr,nci,ooffice,osdb,reymont,samba,sao,webster,x-ray,xml"	"32"	"32"	"12"	"COMPLETE"	"2026-08-28T14:22:17.3487321+08:00"	"2026-08-28T14:26:47.7919452+08:00"	""
"hybridzip-r2-forced-oracle-current-320dd1b"	"wavpack"	"38"	"hybridzip-r2-forced-oracle-current-320dd1b-wavpack"	"E:\MIXER\hybridzip\results\experiments\hybridzip-r2-forced-oracle-current-320dd1b-wavpack"	"dickens,mozilla,mr,nci,ooffice,osdb,reymont,samba,sao,webster,x-ray,xml"	"32"	"32"	"12"	"COMPLETE"	"2026-08-28T14:26:47.7928190+08:00"	"2026-08-28T14:26:51.0075134+08:00"	""
"hybridzip-r2-forced-oracle-current-320dd1b"	"lz4"	"39"	"hybridzip-r2-forced-oracle-current-320dd1b-lz4"	"E:\MIXER\hybridzip\results\experiments\hybridzip-r2-forced-oracle-current-320dd1b-lz4"	"dickens,mozilla,mr,nci,ooffice,osdb,reymont,samba,sao,webster,x-ray,xml"	"32"	"32"	"12"	"COMPLETE"	"2026-08-28T14:26:51.0085114+08:00"	"2026-08-28T14:26:54.1252015+08:00"	""
"hybridzip-r2-forced-oracle-current-320dd1b"	"kanzi-ans"	"40"	"hybridzip-r2-forced-oracle-current-320dd1b-kanzi-ans"	"E:\MIXER\hybridzip\results\experiments\hybridzip-r2-forced-oracle-current-320dd1b-kanzi-ans"	"dickens,mozilla,mr,nci,ooffice,osdb,reymont,samba,sao,webster,x-ray,xml"	"32"	"32"	"12"	"COMPLETE"	"2026-08-28T14:26:54.1260631+08:00"	"2026-08-28T14:26:57.2128184+08:00"	""
"hybridzip-r2-forced-oracle-current-320dd1b"	"lmic-arithmetic"	"41"	"hybridzip-r2-forced-oracle-current-320dd1b-lmic-arithmetic"	"E:\MIXER\hybridzip\results\experiments\hybridzip-r2-forced-oracle-current-320dd1b-lmic-arithmetic"	"dickens,mozilla,mr,nci,ooffice,osdb,reymont,samba,sao,webster,x-ray,xml"	"32"	"32"	"12"	"COMPLETE"	"2026-08-28T14:26:57.2136216+08:00"	"2026-08-28T14:27:00.3549972+08:00"	""
"hybridzip-r2-forced-oracle-current-320dd1b"	"delta-binary-packed-zstd"	"42"	"hybridzip-r2-forced-oracle-current-320dd1b-delta-binary-packed-zstd"	"E:\MIXER\hybridzip\results\experiments\hybridzip-r2-forced-oracle-current-320dd1b-delta-binary-packed-zstd"	"dickens,mozilla,mr,nci,ooffice,osdb,reymont,samba,sao,webster,x-ray,xml"	"32"	"32"	"12"	"COMPLETE"	"2026-08-28T14:27:00.3558738+08:00"	"2026-08-28T14:27:03.5201945+08:00"	""
