"mode"	"variant"	"file"	"scope_kib"	"input_bytes"	"archive_bytes"	"ratio"	"bpb"	"encode_seconds"	"decode_seconds"	"peak_ram_mib"	"roundtrip"	"codec_sha256"
"auto"	"r2-auto"	"dickens"	"32"	"32768"	"10890"	"0.33233642578125"	"2.65869140625"	"82.344316"	"0.064316"	"130.125"	"PASS"	"8D0798541BC867734D16AC65ECC6DD25B3E94B69B5531FBFA28B806324A84688"
"auto"	"r2-auto"	"mozilla"	"32"	"32768"	"8601"	"0.262481689453125"	"2.099853515625"	"85.9712811"	"0.0535489"	"130.2890625"	"PASS"	"8D0798541BC867734D16AC65ECC6DD25B3E94B69B5531FBFA28B806324A84688"
"auto"	"r2-auto"	"mr"	"32"	"32768"	"6507"	"0.198577880859375"	"1.588623046875"	"36.4463507"	"18.2822529"	"130.32421875"	"PASS"	"8D0798541BC867734D16AC65ECC6DD25B3E94B69B5531FBFA28B806324A84688"
"auto"	"r2-auto"	"nci"	"32"	"32768"	"2366"	"0.07220458984375"	"0.57763671875"	"82.7875756"	"0.04492"	"130.28515625"	"PASS"	"8D0798541BC867734D16AC65ECC6DD25B3E94B69B5531FBFA28B806324A84688"
"auto"	"r2-auto"	"ooffice"	"32"	"32768"	"11362"	"0.34674072265625"	"2.77392578125"	"37.6216284"	"0.0627316"	"130.21484375"	"PASS"	"8D0798541BC867734D16AC65ECC6DD25B3E94B69B5531FBFA28B806324A84688"
"auto"	"r2-auto"	"osdb"	"32"	"32768"	"13929"	"0.425079345703125"	"3.400634765625"	"89.479976"	"18.9412448"	"130.2421875"	"PASS"	"8D0798541BC867734D16AC65ECC6DD25B3E94B69B5531FBFA28B806324A84688"
"auto"	"r2-auto"	"reymont"	"32"	"32768"	"7263"	"0.221649169921875"	"1.773193359375"	"85.5847187"	"18.2316827"	"130.08984375"	"PASS"	"8D0798541BC867734D16AC65ECC6DD25B3E94B69B5531FBFA28B806324A84688"
"auto"	"r2-auto"	"samba"	"32"	"32768"	"9020"	"0.2752685546875"	"2.2021484375"	"86.2535205"	"0.0686055"	"130.171875"	"PASS"	"8D0798541BC867734D16AC65ECC6DD25B3E94B69B5531FBFA28B806324A84688"
"auto"	"r2-auto"	"sao"	"32"	"32768"	"21710"	"0.66253662109375"	"5.30029296875"	"90.6125671"	"16.5224207"	"130.140625"	"PASS"	"8D0798541BC867734D16AC65ECC6DD25B3E94B69B5531FBFA28B806324A84688"
"auto"	"r2-auto"	"webster"	"32"	"32768"	"10867"	"0.331634521484375"	"2.653076171875"	"84.4904435"	"18.468988"	"130.13671875"	"PASS"	"8D0798541BC867734D16AC65ECC6DD25B3E94B69B5531FBFA28B806324A84688"
"auto"	"r2-auto"	"x-ray"	"32"	"32768"	"17930"	"0.54718017578125"	"4.37744140625"	"37.1621776"	"0.038989"	"130.36328125"	"PASS"	"8D0798541BC867734D16AC65ECC6DD25B3E94B69B5531FBFA28B806324A84688"
"auto"	"r2-auto"	"xml"	"32"	"32768"	"2351"	"0.071746826171875"	"0.573974609375"	"84.1820944"	"18.2889245"	"130.30078125"	"PASS"	"8D0798541BC867734D16AC65ECC6DD25B3E94B69B5531FBFA28B806324A84688"
"stored"	"r2-stored"	"dickens"	"32"	"32768"	"32828"	"1.0018310546875"	"8.0146484375"	"0.0893667"	"0.0925527"	"3.9765625"	"PASS"	"8D0798541BC867734D16AC65ECC6DD25B3E94B69B5531FBFA28B806324A84688"
"stored"	"r2-stored"	"mozilla"	"32"	"32768"	"32828"	"1.0018310546875"	"8.0146484375"	"0.0686584"	"0.0658514"	"2.83984375"	"PASS"	"8D0798541BC867734D16AC65ECC6DD25B3E94B69B5531FBFA28B806324A84688"
"stored"	"r2-stored"	"mr"	"32"	"32768"	"32828"	"1.0018310546875"	"8.0146484375"	"0.068227"	"0.0832544"	"2.484375"	"PASS"	"8D0798541BC867734D16AC65ECC6DD25B3E94B69B5531FBFA28B806324A84688"
"stored"	"r2-stored"	"nci"	"32"	"32768"	"32828"	"1.0018310546875"	"8.0146484375"	"0.0553976"	"0.0490618"	"3.29296875"	"PASS"	"8D0798541BC867734D16AC65ECC6DD25B3E94B69B5531FBFA28B806324A84688"
"stored"	"r2-stored"	"ooffice"	"32"	"32768"	"32828"	"1.0018310546875"	"8.0146484375"	"0.0602749"	"0.0496531"	"2.67578125"	"PASS"	"8D0798541BC867734D16AC65ECC6DD25B3E94B69B5531FBFA28B806324A84688"
"stored"	"r2-stored"	"osdb"	"32"	"32768"	"32828"	"1.0018310546875"	"8.0146484375"	"0.053881"	"0.0506862"	"3.76953125"	"PASS"	"8D0798541BC867734D16AC65ECC6DD25B3E94B69B5531FBFA28B806324A84688"
"stored"	"r2-stored"	"reymont"	"32"	"32768"	"32828"	"1.0018310546875"	"8.0146484375"	"0.0506714"	"0.0524782"	"3.35546875"	"PASS"	"8D0798541BC867734D16AC65ECC6DD25B3E94B69B5531FBFA28B806324A84688"
"stored"	"r2-stored"	"samba"	"32"	"32768"	"32828"	"1.0018310546875"	"8.0146484375"	"0.0694574"	"0.0523472"	"3.92578125"	"PASS"	"8D0798541BC867734D16AC65ECC6DD25B3E94B69B5531FBFA28B806324A84688"
"stored"	"r2-stored"	"sao"	"32"	"32768"	"32828"	"1.0018310546875"	"8.0146484375"	"0.0537627"	"0.0520389"	"2.66796875"	"PASS"	"8D0798541BC867734D16AC65ECC6DD25B3E94B69B5531FBFA28B806324A84688"
"stored"	"r2-stored"	"webster"	"32"	"32768"	"32828"	"1.0018310546875"	"8.0146484375"	"0.0630932"	"0.0487046"	"2.43359375"	"PASS"	"8D0798541BC867734D16AC65ECC6DD25B3E94B69B5531FBFA28B806324A84688"
"stored"	"r2-stored"	"x-ray"	"32"	"32768"	"32828"	"1.0018310546875"	"8.0146484375"	"0.0434919"	"0.050733"	"3.9140625"	"PASS"	"8D0798541BC867734D16AC65ECC6DD25B3E94B69B5531FBFA28B806324A84688"
"stored"	"r2-stored"	"xml"	"32"	"32768"	"32828"	"1.0018310546875"	"8.0146484375"	"0.0535929"	"0.0501969"	"2.5859375"	"PASS"	"8D0798541BC867734D16AC65ECC6DD25B3E94B69B5531FBFA28B806324A84688"
"predictive"	"r2-predictive"	"dickens"	"32"	"32768"	"11052"	"0.3372802734375"	"2.6982421875"	"18.331979"	"28.6201338"	"129.7734375"	"PASS"	"8D0798541BC867734D16AC65ECC6DD25B3E94B69B5531FBFA28B806324A84688"
"predictive"	"r2-predictive"	"mozilla"	"32"	"32768"	"9487"	"0.289520263671875"	"2.316162109375"	"30.0661067"	"29.7750963"	"129.51953125"	"PASS"	"8D0798541BC867734D16AC65ECC6DD25B3E94B69B5531FBFA28B806324A84688"
"predictive"	"r2-predictive"	"mr"	"32"	"32768"	"6507"	"0.198577880859375"	"1.588623046875"	"28.3001729"	"25.8253856"	"129.51953125"	"PASS"	"8D0798541BC867734D16AC65ECC6DD25B3E94B69B5531FBFA28B806324A84688"
"predictive"	"r2-predictive"	"nci"	"32"	"32768"	"2519"	"0.076873779296875"	"0.614990234375"	"18.5714982"	"18.1617746"	"129.5078125"	"PASS"	"8D0798541BC867734D16AC65ECC6DD25B3E94B69B5531FBFA28B806324A84688"
"predictive"	"r2-predictive"	"ooffice"	"32"	"32768"	"12453"	"0.380035400390625"	"3.040283203125"	"19.0230726"	"18.5926158"	"129.4296875"	"PASS"	"8D0798541BC867734D16AC65ECC6DD25B3E94B69B5531FBFA28B806324A84688"
"predictive"	"r2-predictive"	"osdb"	"32"	"32768"	"13929"	"0.425079345703125"	"3.400634765625"	"18.775382"	"18.6554069"	"129.87890625"	"PASS"	"8D0798541BC867734D16AC65ECC6DD25B3E94B69B5531FBFA28B806324A84688"
"predictive"	"r2-predictive"	"reymont"	"32"	"32768"	"7263"	"0.221649169921875"	"1.773193359375"	"18.2751963"	"18.2907414"	"129.52734375"	"PASS"	"8D0798541BC867734D16AC65ECC6DD25B3E94B69B5531FBFA28B806324A84688"
"predictive"	"r2-predictive"	"samba"	"32"	"32768"	"9272"	"0.282958984375"	"2.263671875"	"18.08221"	"18.2924387"	"129.8828125"	"PASS"	"8D0798541BC867734D16AC65ECC6DD25B3E94B69B5531FBFA28B806324A84688"
"predictive"	"r2-predictive"	"sao"	"32"	"32768"	"23038"	"0.70306396484375"	"5.62451171875"	"18.3092971"	"18.2263131"	"129.875"	"PASS"	"8D0798541BC867734D16AC65ECC6DD25B3E94B69B5531FBFA28B806324A84688"
"predictive"	"r2-predictive"	"webster"	"32"	"32768"	"10867"	"0.331634521484375"	"2.653076171875"	"18.2258908"	"18.0583216"	"129.52734375"	"PASS"	"8D0798541BC867734D16AC65ECC6DD25B3E94B69B5531FBFA28B806324A84688"
"predictive"	"r2-predictive"	"x-ray"	"32"	"32768"	"18618"	"0.56817626953125"	"4.54541015625"	"18.3091322"	"18.4800254"	"129.8828125"	"PASS"	"8D0798541BC867734D16AC65ECC6DD25B3E94B69B5531FBFA28B806324A84688"
"predictive"	"r2-predictive"	"xml"	"32"	"32768"	"2351"	"0.071746826171875"	"0.573974609375"	"17.9073862"	"17.8206691"	"129.50390625"	"PASS"	"8D0798541BC867734D16AC65ECC6DD25B3E94B69B5531FBFA28B806324A84688"
"zstd"	"r2-zstd"	"dickens"	"32"	"32768"	"13216"	"0.4033203125"	"3.2265625"	"0.0747297"	"0.043948"	"4.48828125"	"PASS"	"8D0798541BC867734D16AC65ECC6DD25B3E94B69B5531FBFA28B806324A84688"
"zstd"	"r2-zstd"	"mozilla"	"32"	"32768"	"9548"	"0.2913818359375"	"2.3310546875"	"0.0881951"	"0.051675"	"4.5703125"	"PASS"	"8D0798541BC867734D16AC65ECC6DD25B3E94B69B5531FBFA28B806324A84688"
"zstd"	"r2-zstd"	"mr"	"32"	"32768"	"7957"	"0.242828369140625"	"1.942626953125"	"0.0612524"	"0.0503713"	"4.515625"	"PASS"	"8D0798541BC867734D16AC65ECC6DD25B3E94B69B5531FBFA28B806324A84688"
"zstd"	"r2-zstd"	"nci"	"32"	"32768"	"2480"	"0.07568359375"	"0.60546875"	"0.0654486"	"0.0456895"	"4.69921875"	"PASS"	"8D0798541BC867734D16AC65ECC6DD25B3E94B69B5531FBFA28B806324A84688"
"zstd"	"r2-zstd"	"ooffice"	"32"	"32768"	"13019"	"0.397308349609375"	"3.178466796875"	"0.0688613"	"0.049576"	"4.578125"	"PASS"	"8D0798541BC867734D16AC65ECC6DD25B3E94B69B5531FBFA28B806324A84688"
"zstd"	"r2-zstd"	"osdb"	"32"	"32768"	"15144"	"0.462158203125"	"3.697265625"	"0.0573831"	"0.046718"	"2.65625"	"PASS"	"8D0798541BC867734D16AC65ECC6DD25B3E94B69B5531FBFA28B806324A84688"
"zstd"	"r2-zstd"	"reymont"	"32"	"32768"	"9108"	"0.2779541015625"	"2.2236328125"	"0.0565929"	"0.0500747"	"4.66015625"	"PASS"	"8D0798541BC867734D16AC65ECC6DD25B3E94B69B5531FBFA28B806324A84688"
"zstd"	"r2-zstd"	"samba"	"32"	"32768"	"11027"	"0.336517333984375"	"2.692138671875"	"0.0615449"	"0.0637159"	"3.72265625"	"PASS"	"8D0798541BC867734D16AC65ECC6DD25B3E94B69B5531FBFA28B806324A84688"
"zstd"	"r2-zstd"	"sao"	"32"	"32768"	"24423"	"0.745330810546875"	"5.962646484375"	"0.0539655"	"0.0677837"	"4.4609375"	"PASS"	"8D0798541BC867734D16AC65ECC6DD25B3E94B69B5531FBFA28B806324A84688"
"zstd"	"r2-zstd"	"webster"	"32"	"32768"	"12772"	"0.3897705078125"	"3.1181640625"	"0.0643294"	"0.0515937"	"4.52734375"	"PASS"	"8D0798541BC867734D16AC65ECC6DD25B3E94B69B5531FBFA28B806324A84688"
"zstd"	"r2-zstd"	"x-ray"	"32"	"32768"	"22464"	"0.685546875"	"5.484375"	"0.0519305"	"0.0518663"	"4.6875"	"PASS"	"8D0798541BC867734D16AC65ECC6DD25B3E94B69B5531FBFA28B806324A84688"
"zstd"	"r2-zstd"	"xml"	"32"	"32768"	"2713"	"0.082794189453125"	"0.662353515625"	"0.0709317"	"0.0498576"	"4.4453125"	"PASS"	"8D0798541BC867734D16AC65ECC6DD25B3E94B69B5531FBFA28B806324A84688"
"fse"	"r2-fse"	"dickens"	"32"	"32768"	"19344"	"0.59033203125"	"4.72265625"	"0.0897902"	"0.0925629"	"3.640625"	"PASS"	"8D0798541BC867734D16AC65ECC6DD25B3E94B69B5531FBFA28B806324A84688"
"fse"	"r2-fse"	"mozilla"	"32"	"32768"	"21274"	"0.64923095703125"	"5.19384765625"	"0.0707228"	"0.0637325"	"2.00390625"	"PASS"	"8D0798541BC867734D16AC65ECC6DD25B3E94B69B5531FBFA28B806324A84688"
"fse"	"r2-fse"	"mr"	"32"	"32768"	"12118"	"0.36981201171875"	"2.95849609375"	"0.0469299"	"0.0620453"	"2.00390625"	"PASS"	"8D0798541BC867734D16AC65ECC6DD25B3E94B69B5531FBFA28B806324A84688"
"fse"	"r2-fse"	"nci"	"32"	"32768"	"10000"	"0.30517578125"	"2.44140625"	"0.0558702"	"0.052459"	"4.30859375"	"PASS"	"8D0798541BC867734D16AC65ECC6DD25B3E94B69B5531FBFA28B806324A84688"
"fse"	"r2-fse"	"ooffice"	"32"	"32768"	"25182"	"0.76849365234375"	"6.14794921875"	"0.0479643"	"0.0458922"	"2.67578125"	"PASS"	"8D0798541BC867734D16AC65ECC6DD25B3E94B69B5531FBFA28B806324A84688"
"fse"	"r2-fse"	"osdb"	"32"	"32768"	"27311"	"0.833465576171875"	"6.667724609375"	"0.0534801"	"0.0510889"	"2.92578125"	"PASS"	"8D0798541BC867734D16AC65ECC6DD25B3E94B69B5531FBFA28B806324A84688"
"fse"	"r2-fse"	"reymont"	"32"	"32768"	"20364"	"0.6214599609375"	"4.9716796875"	"0.0546404"	"0.045284"	"2.74609375"	"PASS"	"8D0798541BC867734D16AC65ECC6DD25B3E94B69B5531FBFA28B806324A84688"
"fse"	"r2-fse"	"samba"	"32"	"32768"	"19959"	"0.609100341796875"	"4.872802734375"	"0.0710999"	"0.0672651"	"4.296875"	"PASS"	"8D0798541BC867734D16AC65ECC6DD25B3E94B69B5531FBFA28B806324A84688"
"fse"	"r2-fse"	"sao"	"32"	"32768"	"30507"	"0.930999755859375"	"7.447998046875"	"0.0480675"	"0.0455935"	"2.58203125"	"PASS"	"8D0798541BC867734D16AC65ECC6DD25B3E94B69B5531FBFA28B806324A84688"
"fse"	"r2-fse"	"webster"	"32"	"32768"	"21014"	"0.64129638671875"	"5.13037109375"	"0.0667372"	"0.0487863"	"2.00390625"	"PASS"	"8D0798541BC867734D16AC65ECC6DD25B3E94B69B5531FBFA28B806324A84688"
"fse"	"r2-fse"	"x-ray"	"32"	"32768"	"27018"	"0.82452392578125"	"6.59619140625"	"0.0469075"	"0.0469757"	"3.22265625"	"PASS"	"8D0798541BC867734D16AC65ECC6DD25B3E94B69B5531FBFA28B806324A84688"
"fse"	"r2-fse"	"xml"	"32"	"32768"	"21653"	"0.660797119140625"	"5.286376953125"	"0.0499688"	"0.0507051"	"3.8203125"	"PASS"	"8D0798541BC867734D16AC65ECC6DD25B3E94B69B5531FBFA28B806324A84688"
"lzma"	"r2-lzma"	"dickens"	"32"	"32768"	"13027"	"0.397552490234375"	"3.180419921875"	"0.0893711"	"0.0925294"	"4.53125"	"PASS"	"8D0798541BC867734D16AC65ECC6DD25B3E94B69B5531FBFA28B806324A84688"
"lzma"	"r2-lzma"	"mozilla"	"32"	"32768"	"8601"	"0.262481689453125"	"2.099853515625"	"0.0617116"	"0.0616443"	"2.00390625"	"PASS"	"8D0798541BC867734D16AC65ECC6DD25B3E94B69B5531FBFA28B806324A84688"
"lzma"	"r2-lzma"	"mr"	"32"	"32768"	"6731"	"0.205413818359375"	"1.643310546875"	"0.0681571"	"0.0672806"	"2.484375"	"PASS"	"8D0798541BC867734D16AC65ECC6DD25B3E94B69B5531FBFA28B806324A84688"
"lzma"	"r2-lzma"	"nci"	"32"	"32768"	"2495"	"0.076141357421875"	"0.609130859375"	"0.0575381"	"0.0502664"	"4.82421875"	"PASS"	"8D0798541BC867734D16AC65ECC6DD25B3E94B69B5531FBFA28B806324A84688"
"lzma"	"r2-lzma"	"ooffice"	"32"	"32768"	"12372"	"0.3775634765625"	"3.0205078125"	"0.0640954"	"0.0499963"	"2.67578125"	"PASS"	"8D0798541BC867734D16AC65ECC6DD25B3E94B69B5531FBFA28B806324A84688"
"lzma"	"r2-lzma"	"osdb"	"32"	"32768"	"14483"	"0.441986083984375"	"3.535888671875"	"0.0600561"	"0.0488544"	"4.71875"	"PASS"	"8D0798541BC867734D16AC65ECC6DD25B3E94B69B5531FBFA28B806324A84688"
"lzma"	"r2-lzma"	"reymont"	"32"	"32768"	"8810"	"0.26885986328125"	"2.15087890625"	"0.0577307"	"0.0481164"	"4.66015625"	"PASS"	"8D0798541BC867734D16AC65ECC6DD25B3E94B69B5531FBFA28B806324A84688"
"lzma"	"r2-lzma"	"samba"	"32"	"32768"	"10865"	"0.331573486328125"	"2.652587890625"	"0.0566661"	"0.0660006"	"2.453125"	"PASS"	"8D0798541BC867734D16AC65ECC6DD25B3E94B69B5531FBFA28B806324A84688"
"lzma"	"r2-lzma"	"sao"	"32"	"32768"	"22279"	"0.679901123046875"	"5.439208984375"	"0.0837715"	"0.0526033"	"4.70703125"	"PASS"	"8D0798541BC867734D16AC65ECC6DD25B3E94B69B5531FBFA28B806324A84688"
"lzma"	"r2-lzma"	"webster"	"32"	"32768"	"12595"	"0.384368896484375"	"3.074951171875"	"0.0563735"	"0.0514821"	"4.66796875"	"PASS"	"8D0798541BC867734D16AC65ECC6DD25B3E94B69B5531FBFA28B806324A84688"
"lzma"	"r2-lzma"	"x-ray"	"32"	"32768"	"18233"	"0.556427001953125"	"4.451416015625"	"0.061979"	"0.0461752"	"2.75"	"PASS"	"8D0798541BC867734D16AC65ECC6DD25B3E94B69B5531FBFA28B806324A84688"
"lzma"	"r2-lzma"	"xml"	"32"	"32768"	"2614"	"0.07977294921875"	"0.63818359375"	"0.0527451"	"0.0504478"	"4.515625"	"PASS"	"8D0798541BC867734D16AC65ECC6DD25B3E94B69B5531FBFA28B806324A84688"
"donor-match"	"r2-donor-match"	"dickens"	"32"	"32768"	"12951"	"0.395233154296875"	"3.161865234375"	"18.4315397"	"18.2996451"	"129.6953125"	"PASS"	"8D0798541BC867734D16AC65ECC6DD25B3E94B69B5531FBFA28B806324A84688"
"donor-match"	"r2-donor-match"	"mozilla"	"32"	"32768"	"10890"	"0.33233642578125"	"2.65869140625"	"19.2909982"	"19.1055711"	"129.54296875"	"PASS"	"8D0798541BC867734D16AC65ECC6DD25B3E94B69B5531FBFA28B806324A84688"
"donor-match"	"r2-donor-match"	"mr"	"32"	"32768"	"8474"	"0.25860595703125"	"2.06884765625"	"19.2799269"	"19.6255215"	"129.7890625"	"PASS"	"8D0798541BC867734D16AC65ECC6DD25B3E94B69B5531FBFA28B806324A84688"
"donor-match"	"r2-donor-match"	"nci"	"32"	"32768"	"4879"	"0.148895263671875"	"1.191162109375"	"19.8319769"	"19.725173"	"129.52734375"	"PASS"	"8D0798541BC867734D16AC65ECC6DD25B3E94B69B5531FBFA28B806324A84688"
"donor-match"	"r2-donor-match"	"ooffice"	"32"	"32768"	"13659"	"0.416839599609375"	"3.334716796875"	"19.8191117"	"19.6201625"	"129.6875"	"PASS"	"8D0798541BC867734D16AC65ECC6DD25B3E94B69B5531FBFA28B806324A84688"
"donor-match"	"r2-donor-match"	"osdb"	"32"	"32768"	"15142"	"0.46209716796875"	"3.69677734375"	"19.6689051"	"19.9956096"	"129.88671875"	"PASS"	"8D0798541BC867734D16AC65ECC6DD25B3E94B69B5531FBFA28B806324A84688"
"donor-match"	"r2-donor-match"	"reymont"	"32"	"32768"	"9361"	"0.285675048828125"	"2.285400390625"	"19.0246097"	"18.9256854"	"129.55078125"	"PASS"	"8D0798541BC867734D16AC65ECC6DD25B3E94B69B5531FBFA28B806324A84688"
"donor-match"	"r2-donor-match"	"samba"	"32"	"32768"	"11173"	"0.340972900390625"	"2.727783203125"	"19.1361107"	"18.042439"	"129.890625"	"PASS"	"8D0798541BC867734D16AC65ECC6DD25B3E94B69B5531FBFA28B806324A84688"
"donor-match"	"r2-donor-match"	"sao"	"32"	"32768"	"23756"	"0.7249755859375"	"5.7998046875"	"18.1971924"	"18.475131"	"129.89453125"	"PASS"	"8D0798541BC867734D16AC65ECC6DD25B3E94B69B5531FBFA28B806324A84688"
"donor-match"	"r2-donor-match"	"webster"	"32"	"32768"	"12539"	"0.382659912109375"	"3.061279296875"	"18.2470178"	"18.4127149"	"129.42578125"	"PASS"	"8D0798541BC867734D16AC65ECC6DD25B3E94B69B5531FBFA28B806324A84688"
"donor-match"	"r2-donor-match"	"x-ray"	"32"	"32768"	"19389"	"0.591705322265625"	"4.733642578125"	"18.548227"	"18.2637971"	"129.90234375"	"PASS"	"8D0798541BC867734D16AC65ECC6DD25B3E94B69B5531FBFA28B806324A84688"
"donor-match"	"r2-donor-match"	"xml"	"32"	"32768"	"5016"	"0.153076171875"	"1.224609375"	"18.0507176"	"18.221578"	"129.53125"	"PASS"	"8D0798541BC867734D16AC65ECC6DD25B3E94B69B5531FBFA28B806324A84688"
"bwt-zstd"	"r2-bwt-zstd"	"dickens"	"32"	"32768"	"14061"	"0.429107666015625"	"3.432861328125"	"0.0733589"	"0.0593388"	"4.5859375"	"PASS"	"8D0798541BC867734D16AC65ECC6DD25B3E94B69B5531FBFA28B806324A84688"
"bwt-zstd"	"r2-bwt-zstd"	"mozilla"	"32"	"32768"	"12081"	"0.368682861328125"	"2.949462890625"	"0.0711639"	"0.0498229"	"4.66796875"	"PASS"	"8D0798541BC867734D16AC65ECC6DD25B3E94B69B5531FBFA28B806324A84688"
"bwt-zstd"	"r2-bwt-zstd"	"mr"	"32"	"32768"	"7934"	"0.24212646484375"	"1.93701171875"	"0.0653"	"0.0504716"	"4.65234375"	"PASS"	"8D0798541BC867734D16AC65ECC6DD25B3E94B69B5531FBFA28B806324A84688"
"bwt-zstd"	"r2-bwt-zstd"	"nci"	"32"	"32768"	"2775"	"0.084686279296875"	"0.677490234375"	"0.0683146"	"0.0520391"	"4.63671875"	"PASS"	"8D0798541BC867734D16AC65ECC6DD25B3E94B69B5531FBFA28B806324A84688"
"bwt-zstd"	"r2-bwt-zstd"	"ooffice"	"32"	"32768"	"15371"	"0.469085693359375"	"3.752685546875"	"0.0807379"	"0.0655816"	"4.71875"	"PASS"	"8D0798541BC867734D16AC65ECC6DD25B3E94B69B5531FBFA28B806324A84688"
"bwt-zstd"	"r2-bwt-zstd"	"osdb"	"32"	"32768"	"17505"	"0.534210205078125"	"4.273681640625"	"0.0709375"	"0.0493509"	"4.57421875"	"PASS"	"8D0798541BC867734D16AC65ECC6DD25B3E94B69B5531FBFA28B806324A84688"
"bwt-zstd"	"r2-bwt-zstd"	"reymont"	"32"	"32768"	"9556"	"0.2916259765625"	"2.3330078125"	"0.0581463"	"0.0512214"	"4.71875"	"PASS"	"8D0798541BC867734D16AC65ECC6DD25B3E94B69B5531FBFA28B806324A84688"
"bwt-zstd"	"r2-bwt-zstd"	"samba"	"32"	"32768"	"12113"	"0.369659423828125"	"2.957275390625"	"0.0590007"	"0.048765"	"4.6015625"	"PASS"	"8D0798541BC867734D16AC65ECC6DD25B3E94B69B5531FBFA28B806324A84688"
"bwt-zstd"	"r2-bwt-zstd"	"sao"	"32"	"32768"	"24720"	"0.75439453125"	"6.03515625"	"0.0568455"	"0.0478995"	"4.72265625"	"PASS"	"8D0798541BC867734D16AC65ECC6DD25B3E94B69B5531FBFA28B806324A84688"
"bwt-zstd"	"r2-bwt-zstd"	"webster"	"32"	"32768"	"13874"	"0.42340087890625"	"3.38720703125"	"0.056629"	"0.0462092"	"3"	"PASS"	"8D0798541BC867734D16AC65ECC6DD25B3E94B69B5531FBFA28B806324A84688"
"bwt-zstd"	"r2-bwt-zstd"	"x-ray"	"32"	"32768"	"20054"	"0.61199951171875"	"4.89599609375"	"0.0597731"	"0.0465958"	"4.76171875"	"PASS"	"8D0798541BC867734D16AC65ECC6DD25B3E94B69B5531FBFA28B806324A84688"
"bwt-zstd"	"r2-bwt-zstd"	"xml"	"32"	"32768"	"3024"	"0.09228515625"	"0.73828125"	"0.0685284"	"0.0519061"	"4.69140625"	"PASS"	"8D0798541BC867734D16AC65ECC6DD25B3E94B69B5531FBFA28B806324A84688"
"bwt-mtf-zstd"	"r2-bwt-mtf-zstd"	"dickens"	"32"	"32768"	"13057"	"0.398468017578125"	"3.187744140625"	"0.0647499"	"0.0433381"	"4.609375"	"PASS"	"8D0798541BC867734D16AC65ECC6DD25B3E94B69B5531FBFA28B806324A84688"
"bwt-mtf-zstd"	"r2-bwt-mtf-zstd"	"mozilla"	"32"	"32768"	"11408"	"0.34814453125"	"2.78515625"	"0.058024"	"0.0506088"	"4.65625"	"PASS"	"8D0798541BC867734D16AC65ECC6DD25B3E94B69B5531FBFA28B806324A84688"
"bwt-mtf-zstd"	"r2-bwt-mtf-zstd"	"mr"	"32"	"32768"	"7586"	"0.23150634765625"	"1.85205078125"	"0.0541769"	"0.051625"	"4.59375"	"PASS"	"8D0798541BC867734D16AC65ECC6DD25B3E94B69B5531FBFA28B806324A84688"
"bwt-mtf-zstd"	"r2-bwt-mtf-zstd"	"nci"	"32"	"32768"	"2721"	"0.083038330078125"	"0.664306640625"	"0.0545515"	"0.0519234"	"4.578125"	"PASS"	"8D0798541BC867734D16AC65ECC6DD25B3E94B69B5531FBFA28B806324A84688"
"bwt-mtf-zstd"	"r2-bwt-mtf-zstd"	"ooffice"	"32"	"32768"	"14605"	"0.445709228515625"	"3.565673828125"	"0.0642909"	"0.0819821"	"4.6796875"	"PASS"	"8D0798541BC867734D16AC65ECC6DD25B3E94B69B5531FBFA28B806324A84688"
"bwt-mtf-zstd"	"r2-bwt-mtf-zstd"	"osdb"	"32"	"32768"	"17562"	"0.53594970703125"	"4.28759765625"	"0.0683198"	"0.0656448"	"2.00390625"	"PASS"	"8D0798541BC867734D16AC65ECC6DD25B3E94B69B5531FBFA28B806324A84688"
"bwt-mtf-zstd"	"r2-bwt-mtf-zstd"	"reymont"	"32"	"32768"	"8700"	"0.2655029296875"	"2.1240234375"	"0.0686249"	"0.0499487"	"4.60546875"	"PASS"	"8D0798541BC867734D16AC65ECC6DD25B3E94B69B5531FBFA28B806324A84688"
"bwt-mtf-zstd"	"r2-bwt-mtf-zstd"	"samba"	"32"	"32768"	"11163"	"0.340667724609375"	"2.725341796875"	"0.0569459"	"0.047869"	"4.578125"	"PASS"	"8D0798541BC867734D16AC65ECC6DD25B3E94B69B5531FBFA28B806324A84688"
"bwt-mtf-zstd"	"r2-bwt-mtf-zstd"	"sao"	"32"	"32768"	"25217"	"0.769561767578125"	"6.156494140625"	"0.0595765"	"0.051298"	"4.6640625"	"PASS"	"8D0798541BC867734D16AC65ECC6DD25B3E94B69B5531FBFA28B806324A84688"
"bwt-mtf-zstd"	"r2-bwt-mtf-zstd"	"webster"	"32"	"32768"	"12804"	"0.3907470703125"	"3.1259765625"	"0.0569962"	"0.0476221"	"3.77734375"	"PASS"	"8D0798541BC867734D16AC65ECC6DD25B3E94B69B5531FBFA28B806324A84688"
"bwt-mtf-zstd"	"r2-bwt-mtf-zstd"	"x-ray"	"32"	"32768"	"19931"	"0.608245849609375"	"4.865966796875"	"0.0612353"	"0.0511413"	"4.76171875"	"PASS"	"8D0798541BC867734D16AC65ECC6DD25B3E94B69B5531FBFA28B806324A84688"
"bwt-mtf-zstd"	"r2-bwt-mtf-zstd"	"xml"	"32"	"32768"	"2834"	"0.08648681640625"	"0.69189453125"	"0.061126"	"0.0623591"	"4.59765625"	"PASS"	"8D0798541BC867734D16AC65ECC6DD25B3E94B69B5531FBFA28B806324A84688"
"bwt-rlt-zstd"	"r2-bwt-rlt-zstd"	"dickens"	"32"	"32768"	"14522"	"0.44317626953125"	"3.54541015625"	"0.0706386"	"0.0605427"	"4.59765625"	"PASS"	"8D0798541BC867734D16AC65ECC6DD25B3E94B69B5531FBFA28B806324A84688"
"bwt-rlt-zstd"	"r2-bwt-rlt-zstd"	"mozilla"	"32"	"32768"	"12319"	"0.375946044921875"	"3.007568359375"	"0.058921"	"0.0465472"	"3.40234375"	"PASS"	"8D0798541BC867734D16AC65ECC6DD25B3E94B69B5531FBFA28B806324A84688"
"bwt-rlt-zstd"	"r2-bwt-rlt-zstd"	"mr"	"32"	"32768"	"7918"	"0.24163818359375"	"1.93310546875"	"0.0525255"	"0.0499528"	"4.2734375"	"PASS"	"8D0798541BC867734D16AC65ECC6DD25B3E94B69B5531FBFA28B806324A84688"
"bwt-rlt-zstd"	"r2-bwt-rlt-zstd"	"nci"	"32"	"32768"	"2923"	"0.089202880859375"	"0.713623046875"	"0.0574214"	"0.0523375"	"4.1015625"	"PASS"	"8D0798541BC867734D16AC65ECC6DD25B3E94B69B5531FBFA28B806324A84688"
"bwt-rlt-zstd"	"r2-bwt-rlt-zstd"	"ooffice"	"32"	"32768"	"15676"	"0.4783935546875"	"3.8271484375"	"0.0520644"	"0.0650702"	"3.7890625"	"PASS"	"8D0798541BC867734D16AC65ECC6DD25B3E94B69B5531FBFA28B806324A84688"
"bwt-rlt-zstd"	"r2-bwt-rlt-zstd"	"osdb"	"32"	"32768"	"17822"	"0.54388427734375"	"4.35107421875"	"0.0683287"	"0.0656414"	"2.00390625"	"PASS"	"8D0798541BC867734D16AC65ECC6DD25B3E94B69B5531FBFA28B806324A84688"
"bwt-rlt-zstd"	"r2-bwt-rlt-zstd"	"reymont"	"32"	"32768"	"9857"	"0.300811767578125"	"2.406494140625"	"0.0677359"	"0.0513595"	"4.6640625"	"PASS"	"8D0798541BC867734D16AC65ECC6DD25B3E94B69B5531FBFA28B806324A84688"
"bwt-rlt-zstd"	"r2-bwt-rlt-zstd"	"samba"	"32"	"32768"	"12578"	"0.38385009765625"	"3.07080078125"	"0.0552149"	"0.051489"	"4.66796875"	"PASS"	"8D0798541BC867734D16AC65ECC6DD25B3E94B69B5531FBFA28B806324A84688"
"bwt-rlt-zstd"	"r2-bwt-rlt-zstd"	"sao"	"32"	"32768"	"24882"	"0.75933837890625"	"6.07470703125"	"0.0544972"	"0.0512326"	"4.66015625"	"PASS"	"8D0798541BC867734D16AC65ECC6DD25B3E94B69B5531FBFA28B806324A84688"
"bwt-rlt-zstd"	"r2-bwt-rlt-zstd"	"webster"	"32"	"32768"	"14319"	"0.436981201171875"	"3.495849609375"	"0.0529261"	"0.0482168"	"3.32421875"	"PASS"	"8D0798541BC867734D16AC65ECC6DD25B3E94B69B5531FBFA28B806324A84688"
"bwt-rlt-zstd"	"r2-bwt-rlt-zstd"	"x-ray"	"32"	"32768"	"20283"	"0.618988037109375"	"4.951904296875"	"0.0488524"	"0.045478"	"2.66796875"	"PASS"	"8D0798541BC867734D16AC65ECC6DD25B3E94B69B5531FBFA28B806324A84688"
"bwt-rlt-zstd"	"r2-bwt-rlt-zstd"	"xml"	"32"	"32768"	"3043"	"0.092864990234375"	"0.742919921875"	"0.0539868"	"0.050654"	"4.21484375"	"PASS"	"8D0798541BC867734D16AC65ECC6DD25B3E94B69B5531FBFA28B806324A84688"
"x86-bcj-zstd"	"r2-x86-bcj-zstd"	"dickens"	"32"	"32768"	"13216"	"0.4033203125"	"3.2265625"	"0.0980098"	"0.0594519"	"4.53125"	"PASS"	"8D0798541BC867734D16AC65ECC6DD25B3E94B69B5531FBFA28B806324A84688"
"x86-bcj-zstd"	"r2-x86-bcj-zstd"	"mozilla"	"32"	"32768"	"9561"	"0.291778564453125"	"2.334228515625"	"0.0716275"	"0.0474124"	"4.421875"	"PASS"	"8D0798541BC867734D16AC65ECC6DD25B3E94B69B5531FBFA28B806324A84688"
"x86-bcj-zstd"	"r2-x86-bcj-zstd"	"mr"	"32"	"32768"	"7962"	"0.24298095703125"	"1.94384765625"	"0.0681642"	"0.0620583"	"2.55078125"	"PASS"	"8D0798541BC867734D16AC65ECC6DD25B3E94B69B5531FBFA28B806324A84688"
"x86-bcj-zstd"	"r2-x86-bcj-zstd"	"nci"	"32"	"32768"	"2480"	"0.07568359375"	"0.60546875"	"0.0683219"	"0.0505844"	"4.546875"	"PASS"	"8D0798541BC867734D16AC65ECC6DD25B3E94B69B5531FBFA28B806324A84688"
"x86-bcj-zstd"	"r2-x86-bcj-zstd"	"ooffice"	"32"	"32768"	"11362"	"0.34674072265625"	"2.77392578125"	"0.0594012"	"0.0521755"	"4.5078125"	"PASS"	"8D0798541BC867734D16AC65ECC6DD25B3E94B69B5531FBFA28B806324A84688"
"x86-bcj-zstd"	"r2-x86-bcj-zstd"	"osdb"	"32"	"32768"	"15145"	"0.462188720703125"	"3.697509765625"	"0.0646423"	"0.0494403"	"4.42578125"	"PASS"	"8D0798541BC867734D16AC65ECC6DD25B3E94B69B5531FBFA28B806324A84688"
"x86-bcj-zstd"	"r2-x86-bcj-zstd"	"reymont"	"32"	"32768"	"9108"	"0.2779541015625"	"2.2236328125"	"0.0574484"	"0.0501627"	"4.4921875"	"PASS"	"8D0798541BC867734D16AC65ECC6DD25B3E94B69B5531FBFA28B806324A84688"
"x86-bcj-zstd"	"r2-x86-bcj-zstd"	"samba"	"32"	"32768"	"11027"	"0.336517333984375"	"2.692138671875"	"0.055608"	"0.0499878"	"4.49609375"	"PASS"	"8D0798541BC867734D16AC65ECC6DD25B3E94B69B5531FBFA28B806324A84688"
"x86-bcj-zstd"	"r2-x86-bcj-zstd"	"sao"	"32"	"32768"	"24423"	"0.745330810546875"	"5.962646484375"	"0.0556059"	"0.0464329"	"4.61328125"	"PASS"	"8D0798541BC867734D16AC65ECC6DD25B3E94B69B5531FBFA28B806324A84688"
"x86-bcj-zstd"	"r2-x86-bcj-zstd"	"webster"	"32"	"32768"	"12772"	"0.3897705078125"	"3.1181640625"	"0.0586997"	"0.0436345"	"3.14453125"	"PASS"	"8D0798541BC867734D16AC65ECC6DD25B3E94B69B5531FBFA28B806324A84688"
"x86-bcj-zstd"	"r2-x86-bcj-zstd"	"x-ray"	"32"	"32768"	"22464"	"0.685546875"	"5.484375"	"0.0679485"	"0.0505868"	"4.5546875"	"PASS"	"8D0798541BC867734D16AC65ECC6DD25B3E94B69B5531FBFA28B806324A84688"
"x86-bcj-zstd"	"r2-x86-bcj-zstd"	"xml"	"32"	"32768"	"2713"	"0.082794189453125"	"0.662353515625"	"0.0661277"	"0.0398418"	"2.58203125"	"PASS"	"8D0798541BC867734D16AC65ECC6DD25B3E94B69B5531FBFA28B806324A84688"
"shuffle-zstd"	"r2-shuffle-zstd"	"dickens"	"32"	"32768"	"17630"	"0.53802490234375"	"4.30419921875"	"0.1004562"	"0.0755205"	"4.53515625"	"PASS"	"8D0798541BC867734D16AC65ECC6DD25B3E94B69B5531FBFA28B806324A84688"
"shuffle-zstd"	"r2-shuffle-zstd"	"mozilla"	"32"	"32768"	"11220"	"0.3424072265625"	"2.7392578125"	"0.0849988"	"0.0505215"	"4.55859375"	"PASS"	"8D0798541BC867734D16AC65ECC6DD25B3E94B69B5531FBFA28B806324A84688"
"shuffle-zstd"	"r2-shuffle-zstd"	"mr"	"32"	"32768"	"7493"	"0.228668212890625"	"1.829345703125"	"0.0675803"	"0.0600013"	"2.6015625"	"PASS"	"8D0798541BC867734D16AC65ECC6DD25B3E94B69B5531FBFA28B806324A84688"
"shuffle-zstd"	"r2-shuffle-zstd"	"nci"	"32"	"32768"	"2760"	"0.084228515625"	"0.673828125"	"0.1154076"	"0.064837"	"4.54296875"	"PASS"	"8D0798541BC867734D16AC65ECC6DD25B3E94B69B5531FBFA28B806324A84688"
"shuffle-zstd"	"r2-shuffle-zstd"	"ooffice"	"32"	"32768"	"15433"	"0.470977783203125"	"3.767822265625"	"0.0701835"	"0.0490215"	"4.546875"	"PASS"	"8D0798541BC867734D16AC65ECC6DD25B3E94B69B5531FBFA28B806324A84688"
"shuffle-zstd"	"r2-shuffle-zstd"	"osdb"	"32"	"32768"	"17796"	"0.5430908203125"	"4.3447265625"	"0.0712346"	"0.0510775"	"4.5625"	"PASS"	"8D0798541BC867734D16AC65ECC6DD25B3E94B69B5531FBFA28B806324A84688"
"shuffle-zstd"	"r2-shuffle-zstd"	"reymont"	"32"	"32768"	"13009"	"0.397003173828125"	"3.176025390625"	"0.0662261"	"0.0508942"	"4.56640625"	"PASS"	"8D0798541BC867734D16AC65ECC6DD25B3E94B69B5531FBFA28B806324A84688"
"shuffle-zstd"	"r2-shuffle-zstd"	"samba"	"32"	"32768"	"14970"	"0.45684814453125"	"3.65478515625"	"0.0705432"	"0.0489177"	"4.54296875"	"PASS"	"8D0798541BC867734D16AC65ECC6DD25B3E94B69B5531FBFA28B806324A84688"
"shuffle-zstd"	"r2-shuffle-zstd"	"sao"	"32"	"32768"	"27721"	"0.845977783203125"	"6.767822265625"	"0.0558627"	"0.0487901"	"4.6796875"	"PASS"	"8D0798541BC867734D16AC65ECC6DD25B3E94B69B5531FBFA28B806324A84688"
"shuffle-zstd"	"r2-shuffle-zstd"	"webster"	"32"	"32768"	"16844"	"0.5140380859375"	"4.1123046875"	"0.0800576"	"0.0489161"	"4.5234375"	"PASS"	"8D0798541BC867734D16AC65ECC6DD25B3E94B69B5531FBFA28B806324A84688"
"shuffle-zstd"	"r2-shuffle-zstd"	"x-ray"	"32"	"32768"	"17977"	"0.548614501953125"	"4.388916015625"	"0.0729164"	"0.0642943"	"4.4609375"	"PASS"	"8D0798541BC867734D16AC65ECC6DD25B3E94B69B5531FBFA28B806324A84688"
"shuffle-zstd"	"r2-shuffle-zstd"	"xml"	"32"	"32768"	"3483"	"0.106292724609375"	"0.850341796875"	"0.0903374"	"0.0364722"	"4.515625"	"PASS"	"8D0798541BC867734D16AC65ECC6DD25B3E94B69B5531FBFA28B806324A84688"
"bitshuffle-zstd"	"r2-bitshuffle-zstd"	"dickens"	"32"	"32768"	"25969"	"0.792510986328125"	"6.340087890625"	"0.093849"	"0.0537148"	"3.35546875"	"PASS"	"8D0798541BC867734D16AC65ECC6DD25B3E94B69B5531FBFA28B806324A84688"
"bitshuffle-zstd"	"r2-bitshuffle-zstd"	"mozilla"	"32"	"32768"	"17365"	"0.529937744140625"	"4.239501953125"	"0.0906787"	"0.0473554"	"4.55078125"	"PASS"	"8D0798541BC867734D16AC65ECC6DD25B3E94B69B5531FBFA28B806324A84688"
"bitshuffle-zstd"	"r2-bitshuffle-zstd"	"mr"	"32"	"32768"	"7954"	"0.24273681640625"	"1.94189453125"	"0.0942804"	"0.0658065"	"4.53125"	"PASS"	"8D0798541BC867734D16AC65ECC6DD25B3E94B69B5531FBFA28B806324A84688"
"bitshuffle-zstd"	"r2-bitshuffle-zstd"	"nci"	"32"	"32768"	"6587"	"0.201019287109375"	"1.608154296875"	"0.0882248"	"0.0471285"	"4.5390625"	"PASS"	"8D0798541BC867734D16AC65ECC6DD25B3E94B69B5531FBFA28B806324A84688"
"bitshuffle-zstd"	"r2-bitshuffle-zstd"	"ooffice"	"32"	"32768"	"25593"	"0.781036376953125"	"6.248291015625"	"0.0642262"	"0.0496547"	"4.546875"	"PASS"	"8D0798541BC867734D16AC65ECC6DD25B3E94B69B5531FBFA28B806324A84688"
"bitshuffle-zstd"	"r2-bitshuffle-zstd"	"osdb"	"32"	"32768"	"29581"	"0.902740478515625"	"7.221923828125"	"0.0563535"	"0.0481834"	"4.41015625"	"PASS"	"8D0798541BC867734D16AC65ECC6DD25B3E94B69B5531FBFA28B806324A84688"
"bitshuffle-zstd"	"r2-bitshuffle-zstd"	"reymont"	"32"	"32768"	"25429"	"0.776031494140625"	"6.208251953125"	"0.0595091"	"0.0628098"	"4.50390625"	"PASS"	"8D0798541BC867734D16AC65ECC6DD25B3E94B69B5531FBFA28B806324A84688"
"bitshuffle-zstd"	"r2-bitshuffle-zstd"	"samba"	"32"	"32768"	"23428"	"0.7149658203125"	"5.7197265625"	"0.0632621"	"0.0442949"	"4.484375"	"PASS"	"8D0798541BC867734D16AC65ECC6DD25B3E94B69B5531FBFA28B806324A84688"
"bitshuffle-zstd"	"r2-bitshuffle-zstd"	"sao"	"32"	"32768"	"31336"	"0.956298828125"	"7.650390625"	"0.0538837"	"0.0470082"	"2.84375"	"PASS"	"8D0798541BC867734D16AC65ECC6DD25B3E94B69B5531FBFA28B806324A84688"
"bitshuffle-zstd"	"r2-bitshuffle-zstd"	"webster"	"32"	"32768"	"26475"	"0.807952880859375"	"6.463623046875"	"0.0810763"	"0.0499715"	"4.6640625"	"PASS"	"8D0798541BC867734D16AC65ECC6DD25B3E94B69B5531FBFA28B806324A84688"
"bitshuffle-zstd"	"r2-bitshuffle-zstd"	"x-ray"	"32"	"32768"	"17975"	"0.548553466796875"	"4.388427734375"	"0.0876433"	"0.0661805"	"4.54296875"	"PASS"	"8D0798541BC867734D16AC65ECC6DD25B3E94B69B5531FBFA28B806324A84688"
"bitshuffle-zstd"	"r2-bitshuffle-zstd"	"xml"	"32"	"32768"	"17645"	"0.538482666015625"	"4.307861328125"	"0.0644822"	"0.0669578"	"2.98046875"	"PASS"	"8D0798541BC867734D16AC65ECC6DD25B3E94B69B5531FBFA28B806324A84688"
"delta-zstd"	"r2-delta-zstd"	"dickens"	"32"	"32768"	"15849"	"0.483673095703125"	"3.869384765625"	"0.1006343"	"0.0755406"	"4.55078125"	"PASS"	"8D0798541BC867734D16AC65ECC6DD25B3E94B69B5531FBFA28B806324A84688"
"delta-zstd"	"r2-delta-zstd"	"mozilla"	"32"	"32768"	"12840"	"0.391845703125"	"3.134765625"	"0.0909896"	"0.05056"	"4.546875"	"PASS"	"8D0798541BC867734D16AC65ECC6DD25B3E94B69B5531FBFA28B806324A84688"
"delta-zstd"	"r2-delta-zstd"	"mr"	"32"	"32768"	"8838"	"0.26971435546875"	"2.15771484375"	"0.089766"	"0.0677328"	"4.55078125"	"PASS"	"8D0798541BC867734D16AC65ECC6DD25B3E94B69B5531FBFA28B806324A84688"
"delta-zstd"	"r2-delta-zstd"	"nci"	"32"	"32768"	"3002"	"0.09161376953125"	"0.73291015625"	"0.1025925"	"0.0611982"	"4.58984375"	"PASS"	"8D0798541BC867734D16AC65ECC6DD25B3E94B69B5531FBFA28B806324A84688"
"delta-zstd"	"r2-delta-zstd"	"ooffice"	"32"	"32768"	"16962"	"0.51763916015625"	"4.14111328125"	"0.0736827"	"0.0649577"	"4.60546875"	"PASS"	"8D0798541BC867734D16AC65ECC6DD25B3E94B69B5531FBFA28B806324A84688"
"delta-zstd"	"r2-delta-zstd"	"osdb"	"32"	"32768"	"17324"	"0.5286865234375"	"4.2294921875"	"0.0714649"	"0.0527517"	"4.5390625"	"PASS"	"8D0798541BC867734D16AC65ECC6DD25B3E94B69B5531FBFA28B806324A84688"
"delta-zstd"	"r2-delta-zstd"	"reymont"	"32"	"32768"	"11100"	"0.3387451171875"	"2.7099609375"	"0.0764097"	"0.0444822"	"4.55078125"	"PASS"	"8D0798541BC867734D16AC65ECC6DD25B3E94B69B5531FBFA28B806324A84688"
"delta-zstd"	"r2-delta-zstd"	"samba"	"32"	"32768"	"13148"	"0.4012451171875"	"3.2099609375"	"0.0710505"	"0.0504526"	"4.625"	"PASS"	"8D0798541BC867734D16AC65ECC6DD25B3E94B69B5531FBFA28B806324A84688"
"delta-zstd"	"r2-delta-zstd"	"sao"	"32"	"32768"	"27206"	"0.83026123046875"	"6.64208984375"	"0.0574918"	"0.0621476"	"4.6328125"	"PASS"	"8D0798541BC867734D16AC65ECC6DD25B3E94B69B5531FBFA28B806324A84688"
"delta-zstd"	"r2-delta-zstd"	"webster"	"32"	"32768"	"15520"	"0.4736328125"	"3.7890625"	"0.0702841"	"0.0593606"	"2.55078125"	"PASS"	"8D0798541BC867734D16AC65ECC6DD25B3E94B69B5531FBFA28B806324A84688"
"delta-zstd"	"r2-delta-zstd"	"x-ray"	"32"	"32768"	"20185"	"0.615997314453125"	"4.927978515625"	"0.0697308"	"0.0644873"	"4.51953125"	"PASS"	"8D0798541BC867734D16AC65ECC6DD25B3E94B69B5531FBFA28B806324A84688"
"delta-zstd"	"r2-delta-zstd"	"xml"	"32"	"32768"	"3278"	"0.10003662109375"	"0.80029296875"	"0.1038876"	"0.0369338"	"4.51953125"	"PASS"	"8D0798541BC867734D16AC65ECC6DD25B3E94B69B5531FBFA28B806324A84688"
"fastpfor"	"r2-fastpfor"	"dickens"	"32"	"32768"	"31886"	"0.97308349609375"	"7.78466796875"	"0.0768933"	"0.0651793"	"2.00390625"	"PASS"	"8D0798541BC867734D16AC65ECC6DD25B3E94B69B5531FBFA28B806324A84688"
"fastpfor"	"r2-fastpfor"	"mozilla"	"32"	"32768"	"25926"	"0.79119873046875"	"6.32958984375"	"0.083605"	"0.0798247"	"4.05078125"	"PASS"	"8D0798541BC867734D16AC65ECC6DD25B3E94B69B5531FBFA28B806324A84688"
"fastpfor"	"r2-fastpfor"	"mr"	"32"	"32768"	"20874"	"0.63702392578125"	"5.09619140625"	"0.0821199"	"0.0610167"	"3.328125"	"PASS"	"8D0798541BC867734D16AC65ECC6DD25B3E94B69B5531FBFA28B806324A84688"
"fastpfor"	"r2-fastpfor"	"nci"	"32"	"32768"	"31066"	"0.94805908203125"	"7.58447265625"	"0.0657283"	"0.0649273"	"3.5859375"	"PASS"	"8D0798541BC867734D16AC65ECC6DD25B3E94B69B5531FBFA28B806324A84688"
"fastpfor"	"r2-fastpfor"	"ooffice"	"32"	"32768"	"29446"	"0.89862060546875"	"7.18896484375"	"0.0832688"	"0.0489595"	"4.01171875"	"PASS"	"8D0798541BC867734D16AC65ECC6DD25B3E94B69B5531FBFA28B806324A84688"
"fastpfor"	"r2-fastpfor"	"osdb"	"32"	"32768"	"32478"	"0.99114990234375"	"7.92919921875"	"0.0634662"	"0.0649567"	"2.72265625"	"PASS"	"8D0798541BC867734D16AC65ECC6DD25B3E94B69B5531FBFA28B806324A84688"
"fastpfor"	"r2-fastpfor"	"reymont"	"32"	"32768"	"31886"	"0.97308349609375"	"7.78466796875"	"0.0693382"	"0.0515342"	"3.734375"	"PASS"	"8D0798541BC867734D16AC65ECC6DD25B3E94B69B5531FBFA28B806324A84688"
"fastpfor"	"r2-fastpfor"	"samba"	"32"	"32768"	"29454"	"0.89886474609375"	"7.19091796875"	"0.0525769"	"0.0500177"	"2.6015625"	"PASS"	"8D0798541BC867734D16AC65ECC6DD25B3E94B69B5531FBFA28B806324A84688"
"fastpfor"	"r2-fastpfor"	"sao"	"32"	"32768"	"32910"	"1.00433349609375"	"8.03466796875"	"0.0626091"	"0.0454139"	"2.609375"	"PASS"	"8D0798541BC867734D16AC65ECC6DD25B3E94B69B5531FBFA28B806324A84688"
"fastpfor"	"r2-fastpfor"	"webster"	"32"	"32768"	"31886"	"0.97308349609375"	"7.78466796875"	"0.0650222"	"0.04889"	"3.375"	"PASS"	"8D0798541BC867734D16AC65ECC6DD25B3E94B69B5531FBFA28B806324A84688"
"fastpfor"	"r2-fastpfor"	"x-ray"	"32"	"32768"	"28574"	"0.87200927734375"	"6.97607421875"	"0.0573677"	"0.049672"	"4.06640625"	"PASS"	"8D0798541BC867734D16AC65ECC6DD25B3E94B69B5531FBFA28B806324A84688"
"fastpfor"	"r2-fastpfor"	"xml"	"32"	"32768"	"31638"	"0.96551513671875"	"7.72412109375"	"0.0725088"	"0.0646915"	"3.32421875"	"PASS"	"8D0798541BC867734D16AC65ECC6DD25B3E94B69B5531FBFA28B806324A84688"
"rans"	"r2-rans"	"dickens"	"32"	"32768"	"19469"	"0.594146728515625"	"4.753173828125"	"0.0464354"	"0.0610931"	"3.38671875"	"PASS"	"8D0798541BC867734D16AC65ECC6DD25B3E94B69B5531FBFA28B806324A84688"
"rans"	"r2-rans"	"mozilla"	"32"	"32768"	"21742"	"0.66351318359375"	"5.30810546875"	"0.0534998"	"0.0534184"	"4.0078125"	"PASS"	"8D0798541BC867734D16AC65ECC6DD25B3E94B69B5531FBFA28B806324A84688"
"rans"	"r2-rans"	"mr"	"32"	"32768"	"12528"	"0.38232421875"	"3.05859375"	"0.0425326"	"0.0375319"	"2.00390625"	"PASS"	"8D0798541BC867734D16AC65ECC6DD25B3E94B69B5531FBFA28B806324A84688"
"rans"	"r2-rans"	"nci"	"32"	"32768"	"10095"	"0.308074951171875"	"2.464599609375"	"0.0462688"	"0.0385814"	"3.3203125"	"PASS"	"8D0798541BC867734D16AC65ECC6DD25B3E94B69B5531FBFA28B806324A84688"
"rans"	"r2-rans"	"ooffice"	"32"	"32768"	"25655"	"0.782928466796875"	"6.263427734375"	"0.0493892"	"0.037208"	"3.6328125"	"PASS"	"8D0798541BC867734D16AC65ECC6DD25B3E94B69B5531FBFA28B806324A84688"
"rans"	"r2-rans"	"osdb"	"32"	"32768"	"27825"	"0.849151611328125"	"6.793212890625"	"0.0403944"	"0.0386076"	"2.00390625"	"PASS"	"8D0798541BC867734D16AC65ECC6DD25B3E94B69B5531FBFA28B806324A84688"
"rans"	"r2-rans"	"reymont"	"32"	"32768"	"20482"	"0.62506103515625"	"5.00048828125"	"0.0486853"	"0.0380003"	"3.73046875"	"PASS"	"8D0798541BC867734D16AC65ECC6DD25B3E94B69B5531FBFA28B806324A84688"
"rans"	"r2-rans"	"samba"	"32"	"32768"	"20094"	"0.61322021484375"	"4.90576171875"	"0.0506069"	"0.0383685"	"4.01171875"	"PASS"	"8D0798541BC867734D16AC65ECC6DD25B3E94B69B5531FBFA28B806324A84688"
"rans"	"r2-rans"	"sao"	"32"	"32768"	"30960"	"0.94482421875"	"7.55859375"	"0.0497857"	"0.0380285"	"4.01171875"	"PASS"	"8D0798541BC867734D16AC65ECC6DD25B3E94B69B5531FBFA28B806324A84688"
"rans"	"r2-rans"	"webster"	"32"	"32768"	"21165"	"0.645904541015625"	"5.167236328125"	"0.0410306"	"0.0380616"	"2.00390625"	"PASS"	"8D0798541BC867734D16AC65ECC6DD25B3E94B69B5531FBFA28B806324A84688"
"rans"	"r2-rans"	"x-ray"	"32"	"32768"	"27517"	"0.839752197265625"	"6.718017578125"	"0.0492718"	"0.0388292"	"4"	"PASS"	"8D0798541BC867734D16AC65ECC6DD25B3E94B69B5531FBFA28B806324A84688"
"rans"	"r2-rans"	"xml"	"32"	"32768"	"21775"	"0.664520263671875"	"5.316162109375"	"0.0472554"	"0.0382109"	"3.62890625"	"PASS"	"8D0798541BC867734D16AC65ECC6DD25B3E94B69B5531FBFA28B806324A84688"
"bcj2-zstd"	"r2-bcj2-zstd"	"dickens"	"32"	"32768"	"13238"	"0.40399169921875"	"3.23193359375"	"0.0914516"	"0.057803"	"5.16796875"	"PASS"	"8D0798541BC867734D16AC65ECC6DD25B3E94B69B5531FBFA28B806324A84688"
"bcj2-zstd"	"r2-bcj2-zstd"	"mozilla"	"32"	"32768"	"9579"	"0.292327880859375"	"2.338623046875"	"0.0687375"	"0.0487924"	"2"	"PASS"	"8D0798541BC867734D16AC65ECC6DD25B3E94B69B5531FBFA28B806324A84688"
"bcj2-zstd"	"r2-bcj2-zstd"	"mr"	"32"	"32768"	"7972"	"0.2432861328125"	"1.9462890625"	"0.0559376"	"0.0602223"	"2.92578125"	"PASS"	"8D0798541BC867734D16AC65ECC6DD25B3E94B69B5531FBFA28B806324A84688"
"bcj2-zstd"	"r2-bcj2-zstd"	"nci"	"32"	"32768"	"2505"	"0.076446533203125"	"0.611572265625"	"0.0692689"	"0.0641664"	"5.1953125"	"PASS"	"8D0798541BC867734D16AC65ECC6DD25B3E94B69B5531FBFA28B806324A84688"
"bcj2-zstd"	"r2-bcj2-zstd"	"ooffice"	"32"	"32768"	"12934"	"0.39471435546875"	"3.15771484375"	"0.068855"	"0.0666196"	"5.1484375"	"PASS"	"8D0798541BC867734D16AC65ECC6DD25B3E94B69B5531FBFA28B806324A84688"
"bcj2-zstd"	"r2-bcj2-zstd"	"osdb"	"32"	"32768"	"15154"	"0.46246337890625"	"3.69970703125"	"0.0603586"	"0.060347"	"2.98828125"	"PASS"	"8D0798541BC867734D16AC65ECC6DD25B3E94B69B5531FBFA28B806324A84688"
"bcj2-zstd"	"r2-bcj2-zstd"	"reymont"	"32"	"32768"	"9127"	"0.278533935546875"	"2.228271484375"	"0.0602829"	"0.0579163"	"2.9140625"	"PASS"	"8D0798541BC867734D16AC65ECC6DD25B3E94B69B5531FBFA28B806324A84688"
"bcj2-zstd"	"r2-bcj2-zstd"	"samba"	"32"	"32768"	"11047"	"0.337127685546875"	"2.697021484375"	"0.0584036"	"0.0461771"	"2.05859375"	"PASS"	"8D0798541BC867734D16AC65ECC6DD25B3E94B69B5531FBFA28B806324A84688"
"bcj2-zstd"	"r2-bcj2-zstd"	"sao"	"32"	"32768"	"24447"	"0.746063232421875"	"5.968505859375"	"0.0645544"	"0.0512765"	"2.609375"	"PASS"	"8D0798541BC867734D16AC65ECC6DD25B3E94B69B5531FBFA28B806324A84688"
"bcj2-zstd"	"r2-bcj2-zstd"	"webster"	"32"	"32768"	"12792"	"0.390380859375"	"3.123046875"	"0.0610345"	"0.0596688"	"3.55859375"	"PASS"	"8D0798541BC867734D16AC65ECC6DD25B3E94B69B5531FBFA28B806324A84688"
"bcj2-zstd"	"r2-bcj2-zstd"	"x-ray"	"32"	"32768"	"22430"	"0.68450927734375"	"5.47607421875"	"0.0661196"	"0.0804832"	"5.140625"	"PASS"	"8D0798541BC867734D16AC65ECC6DD25B3E94B69B5531FBFA28B806324A84688"
"bcj2-zstd"	"r2-bcj2-zstd"	"xml"	"32"	"32768"	"2734"	"0.08343505859375"	"0.66748046875"	"0.0708359"	"0.0657039"	"3.640625"	"PASS"	"8D0798541BC867734D16AC65ECC6DD25B3E94B69B5531FBFA28B806324A84688"
"record-transpose-zstd"	"r2-record-transpose-zstd"	"dickens"	"32"	"32768"	"19532"	"0.5960693359375"	"4.7685546875"	"0.0787064"	"0.0726861"	"4.51171875"	"PASS"	"8D0798541BC867734D16AC65ECC6DD25B3E94B69B5531FBFA28B806324A84688"
"record-transpose-zstd"	"r2-record-transpose-zstd"	"mozilla"	"32"	"32768"	"14402"	"0.43951416015625"	"3.51611328125"	"0.0995888"	"0.066725"	"4.5390625"	"PASS"	"8D0798541BC867734D16AC65ECC6DD25B3E94B69B5531FBFA28B806324A84688"
"record-transpose-zstd"	"r2-record-transpose-zstd"	"mr"	"32"	"32768"	"9086"	"0.27728271484375"	"2.21826171875"	"0.0794839"	"0.0489779"	"4.4375"	"PASS"	"8D0798541BC867734D16AC65ECC6DD25B3E94B69B5531FBFA28B806324A84688"
"record-transpose-zstd"	"r2-record-transpose-zstd"	"nci"	"32"	"32768"	"4718"	"0.14398193359375"	"1.15185546875"	"0.0841562"	"0.0649941"	"4.55859375"	"PASS"	"8D0798541BC867734D16AC65ECC6DD25B3E94B69B5531FBFA28B806324A84688"
"record-transpose-zstd"	"r2-record-transpose-zstd"	"ooffice"	"32"	"32768"	"20800"	"0.634765625"	"5.078125"	"0.0819234"	"0.0470518"	"4.453125"	"PASS"	"8D0798541BC867734D16AC65ECC6DD25B3E94B69B5531FBFA28B806324A84688"
"record-transpose-zstd"	"r2-record-transpose-zstd"	"osdb"	"32"	"32768"	"26493"	"0.808502197265625"	"6.468017578125"	"0.0699407"	"0.0621447"	"2.6015625"	"PASS"	"8D0798541BC867734D16AC65ECC6DD25B3E94B69B5531FBFA28B806324A84688"
"record-transpose-zstd"	"r2-record-transpose-zstd"	"reymont"	"32"	"32768"	"18766"	"0.57269287109375"	"4.58154296875"	"0.076136"	"0.0441091"	"3.4140625"	"PASS"	"8D0798541BC867734D16AC65ECC6DD25B3E94B69B5531FBFA28B806324A84688"
"record-transpose-zstd"	"r2-record-transpose-zstd"	"samba"	"32"	"32768"	"18402"	"0.56158447265625"	"4.49267578125"	"0.0777371"	"0.0508157"	"4.5546875"	"PASS"	"8D0798541BC867734D16AC65ECC6DD25B3E94B69B5531FBFA28B806324A84688"
"record-transpose-zstd"	"r2-record-transpose-zstd"	"sao"	"32"	"32768"	"29064"	"0.886962890625"	"7.095703125"	"0.0617704"	"0.0636277"	"3.90234375"	"PASS"	"8D0798541BC867734D16AC65ECC6DD25B3E94B69B5531FBFA28B806324A84688"
"record-transpose-zstd"	"r2-record-transpose-zstd"	"webster"	"32"	"32768"	"21114"	"0.64434814453125"	"5.15478515625"	"0.0623854"	"0.0666779"	"4.58984375"	"PASS"	"8D0798541BC867734D16AC65ECC6DD25B3E94B69B5531FBFA28B806324A84688"
"record-transpose-zstd"	"r2-record-transpose-zstd"	"x-ray"	"32"	"32768"	"18829"	"0.574615478515625"	"4.596923828125"	"0.0722769"	"0.0674659"	"4.625"	"PASS"	"8D0798541BC867734D16AC65ECC6DD25B3E94B69B5531FBFA28B806324A84688"
"record-transpose-zstd"	"r2-record-transpose-zstd"	"xml"	"32"	"32768"	"8981"	"0.274078369140625"	"2.192626953125"	"0.0689367"	"0.0622364"	"2.25390625"	"PASS"	"8D0798541BC867734D16AC65ECC6DD25B3E94B69B5531FBFA28B806324A84688"
"jpegls"	"r2-jpegls"	"dickens"	"32"	"32768"	"30616"	"0.934326171875"	"7.474609375"	"0.0590339"	"0.0418951"	"3.7109375"	"PASS"	"8D0798541BC867734D16AC65ECC6DD25B3E94B69B5531FBFA28B806324A84688"
"jpegls"	"r2-jpegls"	"mozilla"	"32"	"32768"	"24706"	"0.75396728515625"	"6.03173828125"	"0.0591841"	"0.0633217"	"3.7109375"	"PASS"	"8D0798541BC867734D16AC65ECC6DD25B3E94B69B5531FBFA28B806324A84688"
"jpegls"	"r2-jpegls"	"mr"	"32"	"32768"	"12364"	"0.3773193359375"	"3.0185546875"	"0.0791935"	"0.0483827"	"2.4921875"	"PASS"	"8D0798541BC867734D16AC65ECC6DD25B3E94B69B5531FBFA28B806324A84688"
"jpegls"	"r2-jpegls"	"nci"	"32"	"32768"	"18509"	"0.564849853515625"	"4.518798828125"	"0.0541075"	"0.0600169"	"4.48828125"	"PASS"	"8D0798541BC867734D16AC65ECC6DD25B3E94B69B5531FBFA28B806324A84688"
"jpegls"	"r2-jpegls"	"ooffice"	"32"	"32768"	"30781"	"0.939361572265625"	"7.514892578125"	"0.0556696"	"0.0630613"	"4.39453125"	"PASS"	"8D0798541BC867734D16AC65ECC6DD25B3E94B69B5531FBFA28B806324A84688"
"jpegls"	"r2-jpegls"	"osdb"	"32"	"32768"	"31715"	"0.967864990234375"	"7.742919921875"	"0.0685458"	"0.0650717"	"5.01171875"	"PASS"	"8D0798541BC867734D16AC65ECC6DD25B3E94B69B5531FBFA28B806324A84688"
"jpegls"	"r2-jpegls"	"reymont"	"32"	"32768"	"28084"	"0.8570556640625"	"6.8564453125"	"0.0541941"	"0.0496211"	"3.36328125"	"PASS"	"8D0798541BC867734D16AC65ECC6DD25B3E94B69B5531FBFA28B806324A84688"
"jpegls"	"r2-jpegls"	"samba"	"32"	"32768"	"27625"	"0.843048095703125"	"6.744384765625"	"0.0582688"	"0.0519409"	"4.67578125"	"PASS"	"8D0798541BC867734D16AC65ECC6DD25B3E94B69B5531FBFA28B806324A84688"
"jpegls"	"r2-jpegls"	"sao"	"32"	"32768"	"34802"	"1.06207275390625"	"8.49658203125"	"0.0685403"	"0.0511521"	"4.33984375"	"PASS"	"8D0798541BC867734D16AC65ECC6DD25B3E94B69B5531FBFA28B806324A84688"
"jpegls"	"r2-jpegls"	"webster"	"32"	"32768"	"30745"	"0.938262939453125"	"7.506103515625"	"0.0662584"	"0.0509416"	"4.12890625"	"PASS"	"8D0798541BC867734D16AC65ECC6DD25B3E94B69B5531FBFA28B806324A84688"
"jpegls"	"r2-jpegls"	"x-ray"	"32"	"32768"	"27154"	"0.82867431640625"	"6.62939453125"	"0.0586289"	"0.0766941"	"3.28515625"	"PASS"	"8D0798541BC867734D16AC65ECC6DD25B3E94B69B5531FBFA28B806324A84688"
"jpegls"	"r2-jpegls"	"xml"	"32"	"32768"	"25671"	"0.783416748046875"	"6.267333984375"	"0.0705877"	"0.0667669"	"4.0546875"	"PASS"	"8D0798541BC867734D16AC65ECC6DD25B3E94B69B5531FBFA28B806324A84688"
"flac-residual"	"r2-flac-residual"	"dickens"	"32"	"32768"	"31542"	"0.96258544921875"	"7.70068359375"	"0.0888859"	"0.0575057"	"4.53125"	"PASS"	"8D0798541BC867734D16AC65ECC6DD25B3E94B69B5531FBFA28B806324A84688"
"flac-residual"	"r2-flac-residual"	"mozilla"	"32"	"32768"	"31925"	"0.974273681640625"	"7.794189453125"	"0.0709483"	"0.0496806"	"4.5234375"	"PASS"	"8D0798541BC867734D16AC65ECC6DD25B3E94B69B5531FBFA28B806324A84688"
"flac-residual"	"r2-flac-residual"	"mr"	"32"	"32768"	"26374"	"0.80487060546875"	"6.43896484375"	"0.0608149"	"0.0522031"	"4.5625"	"PASS"	"8D0798541BC867734D16AC65ECC6DD25B3E94B69B5531FBFA28B806324A84688"
"flac-residual"	"r2-flac-residual"	"nci"	"32"	"32768"	"27308"	"0.8333740234375"	"6.6669921875"	"0.0698604"	"0.0505735"	"5.515625"	"PASS"	"8D0798541BC867734D16AC65ECC6DD25B3E94B69B5531FBFA28B806324A84688"
"flac-residual"	"r2-flac-residual"	"ooffice"	"32"	"32768"	"33375"	"1.018524169921875"	"8.148193359375"	"0.0660949"	"0.0628847"	"3.515625"	"PASS"	"8D0798541BC867734D16AC65ECC6DD25B3E94B69B5531FBFA28B806324A84688"
"flac-residual"	"r2-flac-residual"	"osdb"	"32"	"32768"	"31654"	"0.96600341796875"	"7.72802734375"	"0.0869734"	"0.0661735"	"4.9453125"	"PASS"	"8D0798541BC867734D16AC65ECC6DD25B3E94B69B5531FBFA28B806324A84688"
"flac-residual"	"r2-flac-residual"	"reymont"	"32"	"32768"	"30798"	"0.93988037109375"	"7.51904296875"	"0.074056"	"0.0511339"	"5.046875"	"PASS"	"8D0798541BC867734D16AC65ECC6DD25B3E94B69B5531FBFA28B806324A84688"
"flac-residual"	"r2-flac-residual"	"samba"	"32"	"32768"	"31047"	"0.947479248046875"	"7.579833984375"	"0.0785267"	"0.0440672"	"4.30078125"	"PASS"	"8D0798541BC867734D16AC65ECC6DD25B3E94B69B5531FBFA28B806324A84688"
"flac-residual"	"r2-flac-residual"	"sao"	"32"	"32768"	"33309"	"1.016510009765625"	"8.132080078125"	"0.0750938"	"0.0483701"	"4.5703125"	"PASS"	"8D0798541BC867734D16AC65ECC6DD25B3E94B69B5531FBFA28B806324A84688"
"flac-residual"	"r2-flac-residual"	"webster"	"32"	"32768"	"31466"	"0.96026611328125"	"7.68212890625"	"0.063794"	"0.068413"	"4.53515625"	"PASS"	"8D0798541BC867734D16AC65ECC6DD25B3E94B69B5531FBFA28B806324A84688"
"flac-residual"	"r2-flac-residual"	"x-ray"	"32"	"32768"	"17930"	"0.54718017578125"	"4.37744140625"	"0.0718646"	"0.0683376"	"4.26953125"	"PASS"	"8D0798541BC867734D16AC65ECC6DD25B3E94B69B5531FBFA28B806324A84688"
"flac-residual"	"r2-flac-residual"	"xml"	"32"	"32768"	"30013"	"0.915924072265625"	"7.327392578125"	"0.0839834"	"0.0514484"	"3.88671875"	"PASS"	"8D0798541BC867734D16AC65ECC6DD25B3E94B69B5531FBFA28B806324A84688"
"brotli-text"	"r2-brotli-text"	"dickens"	"32"	"32768"	"11322"	"0.34552001953125"	"2.76416015625"	"0.1046538"	"0.0583992"	"6.0625"	"PASS"	"8D0798541BC867734D16AC65ECC6DD25B3E94B69B5531FBFA28B806324A84688"
"brotli-text"	"r2-brotli-text"	"mozilla"	"32"	"32768"	"8869"	"0.270660400390625"	"2.165283203125"	"0.1007574"	"0.0792103"	"5.94140625"	"PASS"	"8D0798541BC867734D16AC65ECC6DD25B3E94B69B5531FBFA28B806324A84688"
"brotli-text"	"r2-brotli-text"	"mr"	"32"	"32768"	"6938"	"0.21173095703125"	"1.69384765625"	"0.1028788"	"0.0635404"	"6.13671875"	"PASS"	"8D0798541BC867734D16AC65ECC6DD25B3E94B69B5531FBFA28B806324A84688"
"brotli-text"	"r2-brotli-text"	"nci"	"32"	"32768"	"2366"	"0.07220458984375"	"0.57763671875"	"0.0967832"	"0.0514748"	"6.46875"	"PASS"	"8D0798541BC867734D16AC65ECC6DD25B3E94B69B5531FBFA28B806324A84688"
"brotli-text"	"r2-brotli-text"	"ooffice"	"32"	"32768"	"12584"	"0.384033203125"	"3.072265625"	"0.0913007"	"0.0656469"	"5.84375"	"PASS"	"8D0798541BC867734D16AC65ECC6DD25B3E94B69B5531FBFA28B806324A84688"
"brotli-text"	"r2-brotli-text"	"osdb"	"32"	"32768"	"14231"	"0.434295654296875"	"3.474365234375"	"0.0862005"	"0.0513228"	"5.953125"	"PASS"	"8D0798541BC867734D16AC65ECC6DD25B3E94B69B5531FBFA28B806324A84688"
"brotli-text"	"r2-brotli-text"	"reymont"	"32"	"32768"	"8742"	"0.26678466796875"	"2.13427734375"	"0.0936021"	"0.058523"	"6.10546875"	"PASS"	"8D0798541BC867734D16AC65ECC6DD25B3E94B69B5531FBFA28B806324A84688"
"brotli-text"	"r2-brotli-text"	"samba"	"32"	"32768"	"9204"	"0.2808837890625"	"2.2470703125"	"0.0867452"	"0.0517249"	"6.03515625"	"PASS"	"8D0798541BC867734D16AC65ECC6DD25B3E94B69B5531FBFA28B806324A84688"
"brotli-text"	"r2-brotli-text"	"sao"	"32"	"32768"	"23113"	"0.705352783203125"	"5.642822265625"	"0.1077584"	"0.0774984"	"5.88671875"	"PASS"	"8D0798541BC867734D16AC65ECC6DD25B3E94B69B5531FBFA28B806324A84688"
"brotli-text"	"r2-brotli-text"	"webster"	"32"	"32768"	"10905"	"0.332794189453125"	"2.662353515625"	"0.0990985"	"0.0809659"	"5.98046875"	"PASS"	"8D0798541BC867734D16AC65ECC6DD25B3E94B69B5531FBFA28B806324A84688"
"brotli-text"	"r2-brotli-text"	"x-ray"	"32"	"32768"	"18319"	"0.559051513671875"	"4.472412109375"	"0.1203596"	"0.0503232"	"6.54296875"	"PASS"	"8D0798541BC867734D16AC65ECC6DD25B3E94B69B5531FBFA28B806324A84688"
"brotli-text"	"r2-brotli-text"	"xml"	"32"	"32768"	"2381"	"0.072662353515625"	"0.581298828125"	"0.0807223"	"0.0517313"	"6.28125"	"PASS"	"8D0798541BC867734D16AC65ECC6DD25B3E94B69B5531FBFA28B806324A84688"
"cmix-word-zstd"	"r2-cmix-word-zstd"	"dickens"	"32"	"32768"	"10890"	"0.33233642578125"	"2.65869140625"	"0.0883758"	"0.0723133"	"7.71875"	"PASS"	"8D0798541BC867734D16AC65ECC6DD25B3E94B69B5531FBFA28B806324A84688"
"cmix-word-zstd"	"r2-cmix-word-zstd"	"mozilla"	"32"	"32768"	"10622"	"0.32415771484375"	"2.59326171875"	"0.0981825"	"0.0819798"	"7.75390625"	"PASS"	"8D0798541BC867734D16AC65ECC6DD25B3E94B69B5531FBFA28B806324A84688"
"cmix-word-zstd"	"r2-cmix-word-zstd"	"mr"	"32"	"32768"	"8264"	"0.252197265625"	"2.017578125"	"0.0890752"	"0.0646267"	"7.86328125"	"PASS"	"8D0798541BC867734D16AC65ECC6DD25B3E94B69B5531FBFA28B806324A84688"
"cmix-word-zstd"	"r2-cmix-word-zstd"	"nci"	"32"	"32768"	"2521"	"0.076934814453125"	"0.615478515625"	"0.0848054"	"0.0644464"	"7.7734375"	"PASS"	"8D0798541BC867734D16AC65ECC6DD25B3E94B69B5531FBFA28B806324A84688"
"cmix-word-zstd"	"r2-cmix-word-zstd"	"ooffice"	"32"	"32768"	"14885"	"0.454254150390625"	"3.634033203125"	"0.0901841"	"0.0673375"	"7.765625"	"PASS"	"8D0798541BC867734D16AC65ECC6DD25B3E94B69B5531FBFA28B806324A84688"
"cmix-word-zstd"	"r2-cmix-word-zstd"	"osdb"	"32"	"32768"	"16981"	"0.518218994140625"	"4.145751953125"	"0.0794824"	"0.066692"	"8.5078125"	"PASS"	"8D0798541BC867734D16AC65ECC6DD25B3E94B69B5531FBFA28B806324A84688"
"cmix-word-zstd"	"r2-cmix-word-zstd"	"reymont"	"32"	"32768"	"9258"	"0.28253173828125"	"2.26025390625"	"0.0764447"	"0.0655343"	"8.4140625"	"PASS"	"8D0798541BC867734D16AC65ECC6DD25B3E94B69B5531FBFA28B806324A84688"
"cmix-word-zstd"	"r2-cmix-word-zstd"	"samba"	"32"	"32768"	"9020"	"0.2752685546875"	"2.2021484375"	"0.085772"	"0.0822568"	"8.26953125"	"PASS"	"8D0798541BC867734D16AC65ECC6DD25B3E94B69B5531FBFA28B806324A84688"
"cmix-word-zstd"	"r2-cmix-word-zstd"	"sao"	"32"	"32768"	"28778"	"0.87823486328125"	"7.02587890625"	"0.1038695"	"0.0816232"	"7.859375"	"PASS"	"8D0798541BC867734D16AC65ECC6DD25B3E94B69B5531FBFA28B806324A84688"
"cmix-word-zstd"	"r2-cmix-word-zstd"	"webster"	"32"	"32768"	"11105"	"0.338897705078125"	"2.711181640625"	"0.0929591"	"0.0822832"	"7.7421875"	"PASS"	"8D0798541BC867734D16AC65ECC6DD25B3E94B69B5531FBFA28B806324A84688"
"cmix-word-zstd"	"r2-cmix-word-zstd"	"x-ray"	"32"	"32768"	"25749"	"0.785797119140625"	"6.286376953125"	"0.0851718"	"0.0685375"	"6.79296875"	"PASS"	"8D0798541BC867734D16AC65ECC6DD25B3E94B69B5531FBFA28B806324A84688"
"cmix-word-zstd"	"r2-cmix-word-zstd"	"xml"	"32"	"32768"	"2499"	"0.076263427734375"	"0.610107421875"	"0.0745679"	"0.0669649"	"7.7734375"	"PASS"	"8D0798541BC867734D16AC65ECC6DD25B3E94B69B5531FBFA28B806324A84688"
"neural-lstm"	"r2-neural-lstm"	"dickens"	"32"	"32768"	"14609"	"0.445831298828125"	"3.566650390625"	"17.7044163"	"17.7151195"	"120.8125"	"PASS"	"8D0798541BC867734D16AC65ECC6DD25B3E94B69B5531FBFA28B806324A84688"
"neural-lstm"	"r2-neural-lstm"	"mozilla"	"32"	"32768"	"11193"	"0.341583251953125"	"2.732666015625"	"19.1935941"	"18.9369845"	"120.8125"	"PASS"	"8D0798541BC867734D16AC65ECC6DD25B3E94B69B5531FBFA28B806324A84688"
"neural-lstm"	"r2-neural-lstm"	"mr"	"32"	"32768"	"6973"	"0.212799072265625"	"1.702392578125"	"18.6756733"	"18.6703355"	"120.796875"	"PASS"	"8D0798541BC867734D16AC65ECC6DD25B3E94B69B5531FBFA28B806324A84688"
"neural-lstm"	"r2-neural-lstm"	"nci"	"32"	"32768"	"4533"	"0.138336181640625"	"1.106689453125"	"18.5383035"	"18.168977"	"120.79296875"	"PASS"	"8D0798541BC867734D16AC65ECC6DD25B3E94B69B5531FBFA28B806324A84688"
"neural-lstm"	"r2-neural-lstm"	"ooffice"	"32"	"32768"	"13966"	"0.42620849609375"	"3.40966796875"	"19.3707389"	"19.3687581"	"120.8125"	"PASS"	"8D0798541BC867734D16AC65ECC6DD25B3E94B69B5531FBFA28B806324A84688"
"neural-lstm"	"r2-neural-lstm"	"osdb"	"32"	"32768"	"22398"	"0.68353271484375"	"5.46826171875"	"19.5050334"	"18.3769287"	"120.80078125"	"PASS"	"8D0798541BC867734D16AC65ECC6DD25B3E94B69B5531FBFA28B806324A84688"
"neural-lstm"	"r2-neural-lstm"	"reymont"	"32"	"32768"	"10647"	"0.324920654296875"	"2.599365234375"	"17.2241814"	"17.0387171"	"120.8125"	"PASS"	"8D0798541BC867734D16AC65ECC6DD25B3E94B69B5531FBFA28B806324A84688"
"neural-lstm"	"r2-neural-lstm"	"samba"	"32"	"32768"	"14103"	"0.430389404296875"	"3.443115234375"	"17.1017117"	"17.0728766"	"120.796875"	"PASS"	"8D0798541BC867734D16AC65ECC6DD25B3E94B69B5531FBFA28B806324A84688"
"neural-lstm"	"r2-neural-lstm"	"sao"	"32"	"32768"	"23817"	"0.726837158203125"	"5.814697265625"	"17.1867194"	"17.1911393"	"120.796875"	"PASS"	"8D0798541BC867734D16AC65ECC6DD25B3E94B69B5531FBFA28B806324A84688"
"neural-lstm"	"r2-neural-lstm"	"webster"	"32"	"32768"	"14627"	"0.446380615234375"	"3.571044921875"	"17.1040569"	"17.0836235"	"120.8125"	"PASS"	"8D0798541BC867734D16AC65ECC6DD25B3E94B69B5531FBFA28B806324A84688"
"neural-lstm"	"r2-neural-lstm"	"x-ray"	"32"	"32768"	"18618"	"0.56817626953125"	"4.54541015625"	"17.2236246"	"17.3142281"	"120.796875"	"PASS"	"8D0798541BC867734D16AC65ECC6DD25B3E94B69B5531FBFA28B806324A84688"
"neural-lstm"	"r2-neural-lstm"	"xml"	"32"	"32768"	"6544"	"0.19970703125"	"1.59765625"	"16.9738723"	"17.211332"	"120.796875"	"PASS"	"8D0798541BC867734D16AC65ECC6DD25B3E94B69B5531FBFA28B806324A84688"
"shared-neural-lstm"	"r2-shared-neural-lstm"	"dickens"	"32"	"32768"	"14777"	"0.450958251953125"	"3.607666015625"	"17.1742949"	"17.1293323"	"120.80859375"	"PASS"	"8D0798541BC867734D16AC65ECC6DD25B3E94B69B5531FBFA28B806324A84688"
"shared-neural-lstm"	"r2-shared-neural-lstm"	"mozilla"	"32"	"32768"	"11241"	"0.343048095703125"	"2.744384765625"	"17.5938326"	"17.5659707"	"120.80859375"	"PASS"	"8D0798541BC867734D16AC65ECC6DD25B3E94B69B5531FBFA28B806324A84688"
"shared-neural-lstm"	"r2-shared-neural-lstm"	"mr"	"32"	"32768"	"7009"	"0.213897705078125"	"1.711181640625"	"17.3509476"	"17.2429654"	"120.8046875"	"PASS"	"8D0798541BC867734D16AC65ECC6DD25B3E94B69B5531FBFA28B806324A84688"
"shared-neural-lstm"	"r2-shared-neural-lstm"	"nci"	"32"	"32768"	"4571"	"0.139495849609375"	"1.115966796875"	"17.1338628"	"17.212704"	"120.80859375"	"PASS"	"8D0798541BC867734D16AC65ECC6DD25B3E94B69B5531FBFA28B806324A84688"
"shared-neural-lstm"	"r2-shared-neural-lstm"	"ooffice"	"32"	"32768"	"13924"	"0.4249267578125"	"3.3994140625"	"17.5530294"	"19.1339856"	"120.80859375"	"PASS"	"8D0798541BC867734D16AC65ECC6DD25B3E94B69B5531FBFA28B806324A84688"
"shared-neural-lstm"	"r2-shared-neural-lstm"	"osdb"	"32"	"32768"	"22187"	"0.677093505859375"	"5.416748046875"	"18.8852721"	"18.3441271"	"120.8046875"	"PASS"	"8D0798541BC867734D16AC65ECC6DD25B3E94B69B5531FBFA28B806324A84688"
"shared-neural-lstm"	"r2-shared-neural-lstm"	"reymont"	"32"	"32768"	"10568"	"0.322509765625"	"2.580078125"	"17.9596752"	"17.8703602"	"120.80859375"	"PASS"	"8D0798541BC867734D16AC65ECC6DD25B3E94B69B5531FBFA28B806324A84688"
"shared-neural-lstm"	"r2-shared-neural-lstm"	"samba"	"32"	"32768"	"13752"	"0.419677734375"	"3.357421875"	"18.0441921"	"18.5844045"	"120.80859375"	"PASS"	"8D0798541BC867734D16AC65ECC6DD25B3E94B69B5531FBFA28B806324A84688"
"shared-neural-lstm"	"r2-shared-neural-lstm"	"sao"	"32"	"32768"	"23810"	"0.72662353515625"	"5.81298828125"	"18.0393373"	"18.0566486"	"120.80859375"	"PASS"	"8D0798541BC867734D16AC65ECC6DD25B3E94B69B5531FBFA28B806324A84688"
"shared-neural-lstm"	"r2-shared-neural-lstm"	"webster"	"32"	"32768"	"14722"	"0.44927978515625"	"3.59423828125"	"18.0138799"	"17.9011622"	"120.80859375"	"PASS"	"8D0798541BC867734D16AC65ECC6DD25B3E94B69B5531FBFA28B806324A84688"
"shared-neural-lstm"	"r2-shared-neural-lstm"	"x-ray"	"32"	"32768"	"18194"	"0.55523681640625"	"4.44189453125"	"18.1772391"	"18.3654486"	"120.80859375"	"PASS"	"8D0798541BC867734D16AC65ECC6DD25B3E94B69B5531FBFA28B806324A84688"
"shared-neural-lstm"	"r2-shared-neural-lstm"	"xml"	"32"	"32768"	"6286"	"0.19183349609375"	"1.53466796875"	"18.5589889"	"18.8261964"	"120.80859375"	"PASS"	"8D0798541BC867734D16AC65ECC6DD25B3E94B69B5531FBFA28B806324A84688"
"lstm-compress"	"r2-lstm-compress"	"dickens"	"32"	"32768"	"13353"	"0.407501220703125"	"3.260009765625"	"11.4795957"	"11.3861216"	"23.421875"	"PASS"	"8D0798541BC867734D16AC65ECC6DD25B3E94B69B5531FBFA28B806324A84688"
"lstm-compress"	"r2-lstm-compress"	"mozilla"	"32"	"32768"	"9701"	"0.296051025390625"	"2.368408203125"	"12.352151"	"12.5728168"	"23.41796875"	"PASS"	"8D0798541BC867734D16AC65ECC6DD25B3E94B69B5531FBFA28B806324A84688"
"lstm-compress"	"r2-lstm-compress"	"mr"	"32"	"32768"	"6266"	"0.19122314453125"	"1.52978515625"	"11.5977713"	"11.474227"	"23.21484375"	"PASS"	"8D0798541BC867734D16AC65ECC6DD25B3E94B69B5531FBFA28B806324A84688"
"lstm-compress"	"r2-lstm-compress"	"nci"	"32"	"32768"	"3743"	"0.114227294921875"	"0.913818359375"	"11.3097807"	"11.0219787"	"23.3125"	"PASS"	"8D0798541BC867734D16AC65ECC6DD25B3E94B69B5531FBFA28B806324A84688"
"lstm-compress"	"r2-lstm-compress"	"ooffice"	"32"	"32768"	"12092"	"0.3690185546875"	"2.9521484375"	"13.0687147"	"12.9862374"	"23.42578125"	"PASS"	"8D0798541BC867734D16AC65ECC6DD25B3E94B69B5531FBFA28B806324A84688"
"lstm-compress"	"r2-lstm-compress"	"osdb"	"32"	"32768"	"20835"	"0.635833740234375"	"5.086669921875"	"14.7335856"	"13.9595138"	"23.421875"	"PASS"	"8D0798541BC867734D16AC65ECC6DD25B3E94B69B5531FBFA28B806324A84688"
"lstm-compress"	"r2-lstm-compress"	"reymont"	"32"	"32768"	"8881"	"0.271026611328125"	"2.168212890625"	"11.6457578"	"11.4019437"	"23.40234375"	"PASS"	"8D0798541BC867734D16AC65ECC6DD25B3E94B69B5531FBFA28B806324A84688"
"lstm-compress"	"r2-lstm-compress"	"samba"	"32"	"32768"	"12334"	"0.37640380859375"	"3.01123046875"	"11.4069032"	"11.2912033"	"23.453125"	"PASS"	"8D0798541BC867734D16AC65ECC6DD25B3E94B69B5531FBFA28B806324A84688"
"lstm-compress"	"r2-lstm-compress"	"sao"	"32"	"32768"	"21710"	"0.66253662109375"	"5.30029296875"	"15.566749"	"15.9101871"	"23.3984375"	"PASS"	"8D0798541BC867734D16AC65ECC6DD25B3E94B69B5531FBFA28B806324A84688"
"lstm-compress"	"r2-lstm-compress"	"webster"	"32"	"32768"	"13379"	"0.408294677734375"	"3.266357421875"	"11.6959347"	"11.5955734"	"23.4296875"	"PASS"	"8D0798541BC867734D16AC65ECC6DD25B3E94B69B5531FBFA28B806324A84688"
"lstm-compress"	"r2-lstm-compress"	"x-ray"	"32"	"32768"	"16668"	"0.5086669921875"	"4.0693359375"	"14.7574326"	"15.2045878"	"23.46484375"	"PASS"	"8D0798541BC867734D16AC65ECC6DD25B3E94B69B5531FBFA28B806324A84688"
"lstm-compress"	"r2-lstm-compress"	"xml"	"32"	"32768"	"4841"	"0.147735595703125"	"1.181884765625"	"12.1630188"	"12.0100705"	"23.32421875"	"PASS"	"8D0798541BC867734D16AC65ECC6DD25B3E94B69B5531FBFA28B806324A84688"
